rank,ticker,company,sector,score,sufficient_data,coverage,coverage_max,weight_coverage,revenue_cagr,revenue_yoy,revenue_years,gross_margin,gross_margin_trend,operating_margin,operating_margin_trend,roe,debt_to_equity,share_change,price_to_sales,market_cap,dollar_volume,net_income_latest,revenue_latest,cik,score__revenue_cagr,score__revenue_yoy,score__gross_margin,score__gross_margin_trend,score__operating_margin,score__operating_margin_trend,score__roe,score__debt_to_equity,score__share_change,score__price_to_sales,score__market_cap,score__dollar_volume,bucket__growth,bucket__quality,bucket__balance,bucket__valuation,bucket__size,bucket__liquidity
1,VAL,Valaris,Energy,90.57208632975404,True,7,12,0.75,0.42220185627748985,0.23958333333333326,6,,,40.08403361344538,427.0840336134454,0.31007067137809186,0.3426299848561333,-0.027336203548347315,,,,982800000.0,11900000.0,0000314808,97.11286089238845,89.03394255874673,,,99.68944099378882,100.0,90.56122448979592,60.57971014492753,88.29787234042553,,,,93.07340172556759,96.75022182786158,74.43879124267653,,,
2,MEDP,Medpace,Health Care,85.81931944274565,True,7,12,0.75,0.22032470377867552,0.19970090855900313,19,,,0.21141720489093105,0.18084189569841333,0.9826867739412858,0.0,-0.013873128973012405,,,,451123000.0,2530234000.0,0001668397,86.8766404199475,85.6396866840731,,,75.46583850931677,84.32601880877742,97.44897959183673,93.76811594202898,76.06382978723404,,,,86.2581635520103,85.74694563664364,84.91597286463151,,,
3,KNSL,Kinsale Capital Group,Financials,85.30234043669147,True,4,12,0.75,0.35996094420700664,0.18044566227303505,30,,,,,0.2570005965554917,0.11451262845207373,,,,,503614000.0,1873987000.0,0001669162,94.750656167979,82.24543080939948,,,,,84.18367346938776,79.71014492753623,,,,,88.49804348868923,84.18367346938776,79.71014492753623,,,
4,DUOL,Duolingo,Consumer Discretionary,83.36698146144548,True,7,12,0.6,0.4503246102127074,0.38710656342577243,6,0.7223062310799363,0.006710297970892176,0.13065867120796384,0.22967781824932543,0.30739655205693217,,,,,,414065000.0,1037589000.0,0001562088,97.3753280839895,92.68929503916449,87.90697674418605,19.81132075471698,49.378881987577635,87.7742946708464,90.3061224489796,,,,,,95.03231156157699,67.03551932126133,,,,
5,NXT,Nextpower,Industrials,80.04468010112679,True,8,12,0.75,0.2438176032031829,0.20282292797674506,6,0.32592522876110797,0.13189904813637612,0.19589480219925323,0.06330133790424905,0.2509783040331186,0.0,,,,,585883000.0,3559390000.0,0001852131,90.28871391076116,86.16187989556136,41.86046511627907,50.47169811320755,70.80745341614907,55.4858934169279,83.16326530612244,93.76811594202898,,,,,88.22529690316125,60.35775507373721,93.76811594202898,,,
6,CYTK,Cytokinetics,Health Care,79.2932862881627,True,7,12,0.75,0.26568631094268413,3.7655624120385403,9,,,-6.954395211213212,1.5282499114678174,1.1900018950161075,-0.4359522455940876,0.0413944627573708,,,,-784955000.0,88039000.0,0001061983,91.33858267716536,99.21671018276761,,,0.6211180124223602,98.11912225705329,97.70408163265306,96.52173913043478,33.51063829787235,,,,95.2776464299665,65.4814406340429,65.01618871415357,,,
7,PCTY,Paylocity,Industrials,78.39299794908435,True,9,12,0.75,0.2187848751194219,0.1483373384932276,8,0.7453439697350389,0.5882737753447275,0.2065659691765395,0.2205820480400537,0.18409528047484613,0.0012668723814525994,0.04677820536094779,,,,227127000.0,1471801000.0,0001591698,86.61417322834646,77.54569190600522,90.23255813953487,96.69811320754717,75.15527950310559,86.83385579937304,71.68367346938776,90.43478260869566,30.053191489361694,,,,82.07993256717583,84.12069602378969,60.243987049028675,,,
8,APPF,AppFolio,Information Technology,78.26587454619165,True,7,12,0.75,0.27659977905518174,0.19720423771282358,10,,,0.16082610625332608,0.24059993990551481,0.2597280764644411,0.0873144740212946,0.054658004428296714,,,,140923000.0,950822000.0,0001433195,91.86351706036746,85.11749347258485,,,61.80124223602485,88.71473354231975,84.6938775510204,82.02898550724638,26.329787234042556,,,,88.49050526647616,78.40328444312166,54.179386370644465,,,
9,NBIX,Neurocrine Biosciences,Health Care,76.6412818417024,True,6,12,0.75,0.7921415101964153,0.21449496879378427,22,,,0.2164306939346268,10.041230693934626,0.14712120746365007,,0.04087890858431975,,,,478600000.0,2860500000.0,0000914475,99.21259842519686,86.94516971279373,,,76.3975155279503,99.68652037617555,61.47959183673469,,34.04255319148936,,,,93.0788840689953,79.18787591362019,34.04255319148936,,,
10,RNR,RenaissanceRe,Financials,76.41936788629052,True,5,12,0.75,0.17598634764016285,0.09858156562020426,51,,,,,0.2310632487461728,0.20064345083156476,-0.02100718114316802,,,,2682334000.0,12848074000.0,0000913144,81.88976377952756,64.49086161879896,,,,,79.8469387755102,72.17391304347827,84.30851063829788,,,,73.19031269916326,79.8469387755102,78.24121184088807,,,
11,WAL,Western Alliance Bancorporation,Financials,75.87626676772693,True,5,12,0.75,0.3785673271712071,0.9970588235294118,5,,,,,0.1266170129361035,0.0,0.027950485608135178,,,,969000000.0,135800000.0,0001212545,95.2755905511811,96.34464751958225,,,,,53.316326530612244,93.76811594202898,40.159574468085104,,,,95.81011903538167,53.316326530612244,66.96384520505704,,,
12,EVR,Evercore,Financials,74.90261557008724,True,4,12,0.75,0.1650672766385619,0.2949320859535951,17,,,,,0.29136099264807225,,0.06429786283558148,,,,591922000.0,3880084000.0,0001360901,81.36482939632546,91.12271540469973,,,,,89.28571428571429,,24.468085106382972,,,,86.2437724005126,89.28571428571429,24.468085106382972,,,
13,EXEL,Exelixis,Health Care,74.67224756162433,True,9,12,0.75,0.3160687675688041,0.06982290320334616,24,0.7084413372239421,0.4469477147349891,0.3759239799907419,0.17283080878512594,0.36207982255280224,0.08750304790731955,0.05981153870969713,,,,782570000.0,2320126000.0,0000939767,93.43832020997375,54.56919060052219,87.44186046511628,90.56603773584906,90.06211180124224,80.87774294670847,92.60204081632652,81.73913043478261,25.2659574468085,,,,74.00375540524797,88.3099587530485,53.502543940795555,,,
14,RGLD,Royal Gold,Materials,74.11257828213819,True,9,12,0.75,0.10506017776018495,0.432413347326573,19,0.693207280942404,0.2571140534133328,0.6192964188220726,0.5407621617431233,0.06514915895058494,0.12729068774774246,0.03014598703393112,,,,466281000.0,1030471000.0,0000085535,66.66666666666666,93.73368146214099,86.04651162790698,70.75471698113208,95.65217391304348,95.29780564263322,28.061224489795915,78.55072463768116,37.76595744680851,,,,80.20017406440383,75.16248653090233,58.15834104224483,,,
15,PLNT,Planet Fitness,Consumer Discretionary,73.90379518501123,True,6,12,0.75,0.14937820368625498,0.12058521360736729,22,,,0.2980619932575309,0.2027048003567084,-0.453841007338792,-5.141616108472442,,,,,219104000.0,1324144000.0,0001637207,78.4776902887139,71.01827676240208,,,85.40372670807453,85.57993730407524,2.295918367346939,98.84057971014492,,,,,74.747983525558,57.759860793165565,98.84057971014492,,,
16,DT,Dynatrace,Information Technology,73.83671883909783,True,9,12,0.75,0.22499343337797706,0.18820698152627657,9,0.8155933426047631,0.05811244210808808,0.12157579294753681,0.17624019187530163,0.06229211262967232,0.0,0.00802648813652751,,,,162669000.0,2018387000.0,0001773383,87.66404199475065,84.33420365535248,94.41860465116278,35.37735849056604,47.51552795031056,81.81818181818183,26.785714285714285,93.76811594202898,52.659574468085104,,,,85.99912282505156,57.183077439187095,73.21384520505704,,,
17,DOCN,DigitalOcean,Information Technology,73.3136479095391,True,9,12,0.75,0.23437937423558797,3.3988142003171893,13,0.5985975569846477,0.07837763963024869,0.1741560880692502,0.2915120567220013,-9.036667828511677,-45.16423841059603,0.16237999750031085,,,,259262000.0,901427000.0,0001582961,88.9763779527559,98.43342036553526,79.06976744186046,40.09433962264151,67.08074534161491,89.96865203761756,0.5102040816326531,99.1304347826087,12.2340425531915,,,,93.70489915914558,55.34474170507342,55.6822386679001,,,
18,HLNE,Hamilton Lane,Financials,72.95993935435267,True,4,12,0.75,0.1735155916619815,0.06456155508771144,22,,,,,0.2722588371035978,0.3042070207335408,,,,,249180000.0,758993000.0,0001433642,81.62729658792651,52.74151436031331,,,,,86.73469387755102,63.47826086956522,,,,,67.18440547411991,86.73469387755102,63.47826086956522,,,
19,PINS,Pinterest,Communication Services,71.81927804674156,True,5,12,0.6,0.31475892862050303,0.1578647269488005,9,,,0.07576993235296973,0.36747642825443577,0.08784701631403946,,,,,,416855000.0,4221767000.0,0001506293,93.1758530183727,78.59007832898173,,,28.57142857142857,91.84952978056427,35.96938775510204,,,,,,85.88296567367722,52.13011536903162,,,,
20,TCBI,Texas Capital Bancshares,Financials,71.51471131997481,True,5,12,0.75,2.5694287700343317,9.771812080536913,3,,,,,0.09094168556213585,0.17089223882257498,0.01417823991835121,,,,330244000.0,1605000.0,0001077428,100.0,99.73890339425587,,,,,38.01020408163265,74.78260869565217,47.6063829787234,,,,99.86945169712794,38.01020408163265,61.19449583718779,,,
21,WING,Wingstop,Consumer Discretionary,71.10272032676453,True,7,12,0.75,0.23624469332574627,0.11352701391962694,19,,,0.2572866874362312,0.17739237440150546,-0.23653092857666383,-1.641091695825789,0.0048900461674674656,,,,174267000.0,696853000.0,0001636222,89.501312335958,69.19060052219321,,,81.98757763975155,82.75862068965517,3.571428571428571,96.81159420289855,56.91489361702128,,,,79.34595642907561,56.10587563361177,76.86324390995992,,,
22,SN,SharkNinja,Consumer Discretionary,70.5651555175889,True,9,12,0.75,0.22653090485466443,0.15746171887873306,3,0.4901387488537608,0.04162392297235373,0.1438121524168379,0.05599140300044608,0.26207724278840494,0.27506762359171233,0.005775595358934904,,,,701374000.0,6399188000.0,0001957132,87.92650918635171,78.06788511749347,69.30232558139535,31.60377358490566,55.90062111801242,52.97805642633229,85.20408163265306,66.08695652173913,55.58510638297872,,,,82.99719715192259,58.99777166865975,60.836031452358924,,,
23,MLI,Mueller Industries,Industrials,70.06380601396178,True,9,12,0.75,0.0820101559500912,3.524509060827082,34,0.27651331404514823,0.23952742850782668,0.22939600775101968,0.15428443568183575,0.2383797834618809,0.0,0.07446847985130511,,,,765191000.0,4178547000.0,0000089439,56.16797900262467,98.69451697127938,33.02325581395349,66.50943396226415,78.26086956521739,77.74294670846395,81.63265306122449,93.76811594202898,20.744680851063833,,,,77.43124798695203,67.43383182222469,57.25639839654641,,,
24,HLI,Houlihan Lokey,Financials,69.9801069285292,True,8,12,0.75,0.1341546125330242,0.09546265698396605,8,0.3232220760219233,0.04104738714297351,0.20134318185638597,0.14550415789349458,0.6537517660789974,0.08579151053504515,,,,,425697000.0,2617516000.0,0001302215,75.32808398950131,63.44647519582245,41.3953488372093,31.132075471698112,72.98136645962732,75.86206896551724,95.66326530612244,82.31884057971014,,,,,69.38727959266188,63.406825008034886,82.31884057971014,,,
25,PRI,Primerica,Financials,69.92310449067168,True,5,12,0.75,0.02491278174085254,3.1767230167400706,50,,,,,0.1923699314199833,0.15308585544310443,-0.05373729625327095,,,,470518000.0,3291713000.0,0001475922,23.097112860892388,97.65013054830287,,,,,73.9795918367347,75.94202898550725,94.9468085106383,,,,60.373621704597625,73.9795918367347,85.44441874807278,,,
26,FIVE,Five Below,Consumer Discretionary,69.64475827364932,True,9,12,0.75,0.1807957281592607,2.4252630519417493,30,0.40293618086289834,0.24060735801090555,0.09600858243878704,-0.027125524060311698,0.16351736432482708,0.0,0.09132256350378642,,,,358641000.0,4764147000.0,0001177609,82.93963254593176,96.8668407310705,57.20930232558139,67.45283018867924,37.88819875776397,18.181818181818183,66.83673469387756,93.76811594202898,18.085106382978722,,,,89.90323663850113,49.51377682954407,55.92661116250385,,,
27,SITM,SiTime,Information Technology,69.48635914700473,True,9,12,0.75,0.38786204592428564,0.6115680054465533,14,0.5356823608645075,0.3494489576499722,-0.205038878344456,0.05305569421552536,-0.037107479618260795,0.035461544981672435,0.14813067236532085,,,,-42903000.0,326660000.0,0001451809,96.58792650918635,95.56135770234987,73.48837209302326,85.37735849056604,1.5527950310559007,51.09717868338558,8.673469387755102,86.95652173913044,12.7659574468085,,,,96.0746421057681,44.037834737157176,49.86123959296947,,,
28,STRL,Sterling Infrastructure,Industrials,69.44150333014599,True,9,12,0.75,0.1532412141013102,0.17690745057558632,20,0.22984045695486313,0.22064644371374525,0.1630152659646457,0.1698676676379706,0.26174880493488145,0.2625570920427923,0.020620836259749087,,,,290153000.0,2490049000.0,0000874238,78.74015748031496,81.72323759791122,24.651162790697676,61.79245283018868,62.11180124223602,80.56426332288402,84.94897959183673,67.53623188405797,43.08510638297872,,,,80.2316975391131,62.81373195556863,55.310669133518346,,,
29,TREX,Trex,Industrials,69.37960957428275,True,9,12,0.75,0.1046078687114873,6.0052378196829865,25,0.3917030794529694,0.31223742359494966,0.21967831847441852,0.0029320047567777396,0.18410676577740306,0.08356183720984198,0.13676749780063235,,,,190415000.0,1174267000.0,0001069878,66.40419947506561,99.47780678851174,56.27906976744186,80.66037735849056,77.01863354037268,29.153605015673982,71.93877551020408,82.6086956521739,14.09574468085107,,,,82.94100313178868,63.01009223843663,48.35222016651249,,,
30,CVLT,CommVault Systems,Information Technology,68.92938782940136,True,8,12,0.75,0.07142602737268655,0.1888985646115633,11,0.8115047013998598,0.5777968665083956,0.06250792014801172,0.0555860130699828,9.428476114224713,,-0.0026626736106805104,,,,70657000.0,1183690000.0,0001169561,50.65616797900262,84.59530026109661,93.02325581395348,96.22641509433963,24.53416149068323,52.35109717868338,99.74489795918367,,64.8936170212766,,,,67.62573412004961,73.17596550736869,64.8936170212766,,,
31,CELH,Celsius Holdings,Consumer Staples,68.24003851576907,True,9,12,0.75,0.5670754693024982,0.8554244152165413,4,0.5038558500104761,0.08943213167337899,0.05608227191604556,0.2975143928944973,0.09141093234089484,0.5729537938850598,0.20939034650419264,,,,107999000.0,2515269000.0,0001341766,98.16272965879264,96.08355091383812,71.16279069767441,41.9811320754717,21.73913043478261,90.28213166144201,39.285714285714285,44.34782608695652,8.510638297872347,,,,97.12314028631539,52.890179831016994,26.429232192414435,,,
32,BROS,Dutch Bros Inc.,Consumer Discretionary,68.15742824503353,True,6,12,0.75,0.3788531531536614,0.27879767215840556,7,,,0.09839093763181718,-0.028710854555053553,0.11727363260078318,0.29402277848117997,,,,,79842000.0,1638159000.0,0001866581,95.53805774278216,90.60052219321149,,,38.81987577639752,17.86833855799373,49.48979591836735,64.63768115942028,,,,,93.06928996799682,35.39267008425286,64.63768115942028,,,
33,MTZ,MasTec,Industrials,68.03691518293222,True,5,12,0.75,0.14565439892635457,0.16220691993734437,50,,,,,0.1224314724378695,0.16233226122469518,-0.0023882626086301206,,,,399042000.0,14299171000.0,0000015615,78.21522309711287,79.63446475195822,,,,,51.78571428571429,75.07246376811594,64.36170212765958,,,,78.92484392453554,51.78571428571429,69.71708294788776,,,
34,FHI,Federated Hermes,Financials,68.02568471943549,True,7,12,0.75,0.05175876724310857,0.10328455547569892,22,,,0.2853848832346752,0.2111989890673402,0.3369394493328031,0.29104773139685264,-0.01776957088086728,,,,403299000.0,1800663000.0,0001056288,38.05774278215223,66.31853785900783,,,84.472049689441,86.52037617554859,91.3265306122449,64.92753623188406,80.31914893617021,,,,52.18814032058003,87.43965215907815,72.62334258402714,,,
35,JEF,Jefferies,Financials,67.88484434814306,True,5,12,0.75,0.0856802190082333,0.14171705579942473,8,,,,,0.15767857534627946,0.12848549026846728,-0.008296764694633807,,,,1667403000.0,5546490000.0,0000096223,58.26771653543307,76.2402088772846,,,,,65.05102040816327,77.68115942028986,70.47872340425532,,,,67.25396270635883,65.05102040816327,74.07994141227259,,,
36,UTHR,United Therapeutics,Health Care,67.88074362583468,True,8,12,0.75,0.07949937707370225,0.10610273163272388,10,0.8792220441763283,0.641168504021212,0.4689414647940428,-0.19511908061501398,0.1880865815506891,,-0.013472024405918437,,,,1334700000.0,3182700000.0,0001082554,54.85564304461942,67.1018276762402,96.27906976744185,97.64150943396226,91.61490683229813,6.269592476489027,72.95918367346938,,75.53191489361703,,,,60.97873536042981,72.95285243673213,75.53191489361703,,,
37,CHH,Choice Hotels,Consumer Discretionary,67.48986732792947,True,7,12,0.75,0.0969584546843325,0.10144163589403044,17,,,0.2428678282437434,0.1779322971381362,2.041317890624569,10.517753781127745,-0.01600249029364975,,,,369946000.0,1544165000.0,0001046311,64.30446194225722,65.79634464751958,,,80.74534161490683,83.07210031347962,98.72448979591837,1.1594202898550776,78.45744680851064,,,,65.0504032948884,87.51397724143494,39.80843354918286,,,
38,FCFS,FirstCash,Financials,67.03687574990832,True,7,12,0.75,0.10684793532702952,0.10703631354605148,10,1.1032102420867773,0.7234415570310857,,,0.14510739374603054,0.9699889580026371,0.023230205101321344,,,,330375000.0,1668410000.0,0000840489,67.45406824146981,67.36292428198433,98.6046511627907,99.05660377358491,,,60.71428571428571,26.956521739130437,41.75531914893617,,,,67.40849626172707,86.1251802168871,34.3559204440333,,,
39,BRBR,BellRing Brands,Consumer Staples,66.92272120242224,True,8,12,0.75,0.1584278957169325,0.16050495942290355,14,0.33255633255633255,-0.0030327913107369153,0.1542778209444876,0.009504407047206648,-0.47631636924432696,-2.388852170081516,,,,,216200000.0,2316600000.0,0001772016,80.0524934383202,79.37336814621409,45.58139534883721,14.150943396226415,59.62732919254658,31.661442006269592,1.7857142857142856,97.68115942028986,,,,,79.71293079226714,30.561364845918813,97.68115942028986,,,
40,CHE,Chemed Corp.,Health Care,66.82520320876495,True,7,12,0.75,0.04178593673473152,0.16418427986449347,7,,,0.23938488992003804,0.035944901009234254,0.27081544407063474,0.09955023713377,-0.027854018076083564,,,,265238000.0,1530978000.0,0000019584,33.33333333333333,80.15665796344648,,,79.5031055900621,45.141065830721004,86.22448979591837,80.57971014492753,88.56382978723404,,,,56.7449956483899,70.2895537389005,84.57176996608078,,,
41,NJR,New Jersey Resources,Utilities,66.81755552935361,True,7,12,0.75,0.09536907114677584,0.09866750572584726,7,,,0.3765744965052301,0.3865319186193992,0.14033188580679742,0.19241064596812432,0.050194450453320716,,,,335627000.0,1351305000.0,0000356309,63.25459317585301,64.75195822454309,,,90.37267080745342,92.16300940438872,58.41836734693877,73.04347826086956,28.723404255319153,,,,64.00327570019805,80.31801585292696,50.88344125809436,,,
42,SSD,Simpson Manufacturing,Industrials,66.54973220688366,True,9,12,0.75,0.11716242257847487,0.04509978993243702,19,0.4585053720666253,0.3481645991025895,0.1963577799801784,0.16599042279773374,0.1700115580053228,0.15519060855410635,-0.011169182005104306,,,,345083000.0,2332808000.0,0000920371,70.60367454068242,44.64751958224543,64.65116279069767,84.90566037735849,71.11801242236024,79.62382445141067,69.38775510204081,75.65217391304347,74.46808510638297,,,,57.62559706146392,73.93728302877358,75.06012950971322,,,
43,BURL,Burlington Stores,Consumer Discretionary,66.43727953665287,True,7,12,0.75,0.08448752333384424,0.08786724892935616,22,0.4254145028269784,0.29884278341004306,,,0.33761237321269394,0.7855869025966947,-0.15018125433136964,,,,610153000.0,11549607000.0,0001579298,57.48031496062992,60.052219321148826,60.46511627906976,79.24528301886792,,,91.58163265306123,34.20289855072464,98.93617021276596,,,,58.76626714088937,77.0973439836663,66.5695343817453,,,
44,HIMS,Hims & Hers Health,Health Care,66.26611088521393,True,8,12,0.75,0.7470766675519511,0.5899862784910945,7,0.7383500941585092,0.1980632655047142,0.04498693792950103,0.05358792148045914,0.23730514966871746,,0.3968735843990212,,,,128365000.0,2347637000.0,0001773751,98.68766404199475,95.03916449086162,89.76744186046511,58.490566037735846,18.944099378881987,51.410658307210035,81.37755102040816,,5.319148936170208,,,,96.86341426642818,59.99806332094023,5.319148936170208,,,
45,P,Everpure,Information Technology,66.18953991329927,True,9,12,0.75,0.19267424334894256,0.15614059120676838,10,0.7038120388998382,0.04511195461622863,0.03134614287317256,0.33069771375460594,0.13016889078266933,0.0,0.5689846564076921,,,,188181000.0,3662843000.0,0001474432,83.72703412073491,77.80678851174935,86.9767441860465,33.0188679245283,13.354037267080745,91.22257053291536,55.86734693877551,93.76811594202898,4.255319148936167,,,,80.76691131624213,56.087913369869284,49.011717545482576,,,
46,MORN,"Morningstar, Inc.",Financials,65.85079799916856,True,7,12,0.75,0.1324114771900753,0.07489780668981583,10,,,0.21533428746677571,0.15284993985846118,0.22735743570629893,1.3325878991179028,-0.012712569330683099,,,,183000000.0,2445500000.0,0001289419,75.06561679790026,56.919060052219315,,,76.08695652173914,77.4294670846395,79.08163265306123,17.101449275362327,75.0,,,,65.99233842505978,77.53268541981329,46.050724637681164,,,
47,GNTX,Gentex,Consumer Discretionary,65.80160866707223,True,9,12,0.75,0.04406463484158385,3.6788980186028306,30,0.3419956413347784,0.24154839944705928,0.18701083450311676,0.11235706707562197,0.1546895928155572,0.0,0.028074090490261883,,,,384841367.0,2534268965.0,0000355811,33.85826771653544,98.9556135770235,47.906976744186046,68.39622641509435,69.87577639751554,71.47335423197492,64.03061224489795,93.76811594202898,39.8936170212766,,,,66.40694064677947,64.33658920673376,66.83086648165279,,,
48,ANF,Abercrombie & Fitch,Consumer Discretionary,65.62924519987844,True,9,12,0.75,0.053241047205651704,0.06420115479428778,15,0.6292023434610927,0.429529598384948,0.13275811519756214,0.11212931619163835,0.3610818472891491,0.0,-0.03529342033353389,,,,506921000.0,5266292000.0,0001018840,39.107611548556434,52.48041775456919,81.86046511627907,90.09433962264151,50.931677018633536,71.15987460815047,92.3469387755102,93.76811594202898,91.22340425531915,,,,45.79401465156281,77.27865902824296,92.49576009867407,,,
49,DTM,DT Midstream,Energy,65.59870956826903,True,7,12,0.75,0.16235850767058557,0.2670744138634047,7,,,0.49396621078037006,-0.02389093207677284,0.09311655405405406,0.7018581081081081,0.01113302560510987,,,,441000000.0,1243000000.0,0001842022,80.5774278215223,90.07832898172323,,,93.16770186335404,18.808777429467085,39.795918367346935,39.42028985507247,49.73404255319149,,,,85.32787840162277,50.59079922005602,44.577166204131984,,,
50,OLLI,Ollie's Bargain Outlet,Consumer Discretionary,65.53218438517897,True,9,12,0.75,0.12880511786115956,0.1661716640144737,25,0.40500710026204156,0.2776454361319303,0.11236042002145555,-0.0024236732489038154,0.1274291924689472,0.10852635169346997,0.020473412086434717,,,,240596000.0,2649198000.0,0001639300,73.22834645669292,80.67885117493474,57.674418604651166,75.47169811320755,45.03105590062112,26.332288401253916,54.33673469387755,80.28985507246377,43.35106382978723,,,,76.95359881581382,51.769239142722256,61.8204594511255,,,
51,DOCS,Doximity,Health Care,65.38576407775352,True,8,12,0.75,0.3302294005662063,0.13054721344181885,7,0.8909442780869735,0.01896434888465026,0.3332800920505596,0.1428566807023106,0.20618781137040312,,0.17164841291142752,,,,196051000.0,644863000.0,0001516513,93.7007874015748,73.62924281984334,97.20930232558139,25.0,87.26708074534162,75.54858934169279,75.0,,11.702127659574472,,,,83.66501511070908,72.00499448252316,11.702127659574472,,,
52,GMED,Globus Medical,Health Care,65.19207138710414,True,8,12,0.75,0.2013158628600844,0.16654103927394104,22,0.650505331289736,0.45087909413118465,0.1632620840707046,-0.11004046879333293,0.11761176406275625,,0.04073777882994922,,,,537868000.0,2938931000.0,0001237831,84.51443569553805,80.93994778067885,83.25581395348837,91.0377358490566,62.422360248447205,9.404388714733543,49.744897959183675,,34.308510638297875,,,,82.72719173810844,59.17303934498189,34.308510638297875,,,
53,TXRH,Texas Roadhouse,Consumer Discretionary,64.83420183479967,True,7,12,0.75,0.12783965758925286,0.0939348247977232,22,,,0.08076453600881241,0.0652731093146715,0.18470311195082215,0.03422735176133952,-0.006045427585484653,,,,269818000.0,5878075000.0,0001289460,72.96587926509186,62.40208877284596,,,31.05590062111801,56.42633228840125,72.1938775510204,87.2463768115942,67.81914893617022,,,,67.68398401896891,53.22537015351322,77.5327628738822,,,
54,EXLS,EXL Service,Industrials,64.71789787153011,True,9,12,0.75,0.13163206530628346,0.13561292273816172,22,0.3837160789565829,0.29407894244690636,0.15028651435397875,0.05626883474442289,0.2750275280621888,0.3271571866046532,0.11779156100061727,,,,251019000.0,2087679000.0,0001297989,74.54068241469817,74.93472584856397,54.418604651162795,78.30188679245283,58.38509316770186,53.29153605015674,86.98979591836735,62.31884057971014,15.159574468085097,,,,74.73770413163106,66.27738331596831,38.73920752389762,,,
55,ARWR,Arrowhead Pharmaceuticals,Health Care,64.70291606581971,True,6,12,0.75,0.505632959482611,232.5815263306111,18,,,0.1185680114968027,0.4449278870292715,-0.003499609485636796,,0.21654919209636958,,,,-1631000.0,829448000.0,0000879407,97.63779527559055,100.0,,,47.20496894409938,93.73040752351098,11.989795918367346,,7.9787234042553195,,,,98.81889763779527,50.97505746199257,7.9787234042553195,,,
56,RBA,RB Global,Industrials,64.63245655066522,True,9,12,0.75,0.3448217964785316,0.07154194482050324,25,1.8217789203084833,1.1822205307280471,0.15540113708149084,0.002080641120566551,0.07689270201385648,0.4189252252575654,0.0508861475285427,,,,428400000.0,4590700000.0,0001046102,94.48818897637796,55.35248041775457,99.53488372093024,100.0,61.18012422360248,28.526645768025077,31.377551020408163,54.492753623188406,28.45744680851064,,,,74.92033469706627,64.12384094659319,41.47510021584952,,,
57,HQY,HealthEquity,Health Care,64.62688686908028,True,9,12,0.75,0.24836836404589402,0.09473034088086596,28,0.6952153485266429,0.5593797259443701,0.24550698971927679,0.01445916777612491,0.10212671246528562,0.4543378973764187,0.23074227617232923,,,,215201000.0,1313429000.0,0001428336,90.81364829396325,63.18537859007834,86.51162790697674,95.75471698113208,81.05590062111801,34.79623824451411,42.857142857142854,52.17391304347826,7.446808510638306,,,,76.9995134420208,68.19512532217675,29.810360777058282,,,
58,VICR,Vicor Corporation,Industrials,64.59657523582848,True,8,12,0.75,0.08218239865384924,0.0,23,0.6363217161596366,0.5289769987639905,0.20070590947777905,0.23223177326847208,0.16661490224957382,,-0.08163201738993708,,,,118556000.0,407701000.0,0000751978,56.43044619422572,21.671018276762403,82.32558139534883,93.39622641509435,72.67080745341616,88.08777429467085,67.09183673469387,,97.34042553191489,,,,39.05073223549407,80.71444525864482,97.34042553191489,,,
59,HALO,Halozyme,Health Care,64.45465151408114,True,9,12,0.75,0.20383880778488317,0.3755323423852879,9,0.023105899235408865,0.006982114046550542,0.3358172032154981,0.07997805573892575,6.491764657680173,43.89375998688901,0.01058048740895523,,,,316889000.0,1396611000.0,0001159036,84.7769028871391,92.42819843342036,0.9302325581395349,20.28301886792453,87.88819875776397,62.06896551724138,99.23469387755102,0.0,50.797872340425535,,,,88.60255066027973,54.081021915724094,25.398936170212767,,,
60,DKS,Dick's Sporting Goods,Consumer Discretionary,64.33086167459133,True,9,12,0.75,0.09006631040466351,0.280615440967908,19,0.3292025847046085,0.2383460173889333,0.06365967823634108,0.04621277953764438,0.15328891792957552,0.0,0.044515049891537206,,,,849239000.0,17215120000.0,0001089063,60.629921259842526,90.86161879895562,43.25581395348837,66.0377358490566,25.15527950310559,48.90282131661442,63.26530612244898,93.76811594202898,31.648936170212778,,,,75.74577002939907,49.32339134894279,62.70852605612088,,,
61,PEN,"Penumbra, Inc.",Health Care,64.32017521705623,True,8,12,0.75,0.20435311816304957,0.17499361719047557,31,0.6714116259933817,0.4945145779486295,0.13482490480278414,0.13995180507887722,0.12446527500992922,,0.21190130487787506,,,,177687000.0,1403665000.0,0001321732,85.03937007874016,81.4621409921671,84.65116279069768,92.45283018867924,52.79503105590062,74.60815047021944,52.806122448979586,,8.244680851063833,,,,83.25075553545364,71.46265939089531,8.244680851063833,,,
62,CHWY,Chewy,Consumer Discretionary,64.11459535941617,True,7,12,0.6,0.24785166098654776,0.06240462681156367,9,0.2978931079633377,0.12322586913137226,0.02018013728524382,0.18073380700805253,0.4474794135368548,,,,,,222800000.0,12601500000.0,0001766502,90.5511811023622,51.43603133159269,36.27906976744186,48.113207547169814,9.627329192546584,84.01253918495298,94.38775510204081,,,,,,70.99360621697744,54.48398015883041,,,,
63,DBX,Dropbox,Information Technology,64.05932736876956,True,8,12,0.75,0.12916565498353716,-0.010674201397064542,10,0.8013486711622372,0.26370662570769177,0.27334391114637047,0.5023922066009159,-0.2828844869797463,,-0.06625526365529022,,,,508400000.0,2521000000.0,0001467623,73.49081364829397,19.06005221932115,92.55813953488372,73.58490566037736,83.22981366459628,94.35736677115987,2.806122448979592,,96.80851063829788,,,,46.27543293380756,69.30726961599937,96.80851063829788,,,
64,BILL,Bill Holdings,Information Technology,64.00835971470154,True,9,12,0.75,0.5606333783096324,0.1336240439259262,15,0.8139555713572684,0.11260661583425902,-0.0551098408965041,0.06540199137051202,0.006080418186835086,0.4380307814943128,0.0217847275232963,,,,23799000.0,1462570000.0,0001786352,97.9002624671916,74.41253263707573,93.48837209302326,45.75471698113208,4.3478260869565215,56.739811912225704,13.77551020408163,52.46376811594203,42.819148936170215,,,,86.15639755213365,42.82124745548384,47.64145852605613,,,
65,QLYS,Qualys,Information Technology,63.628428722011535,True,8,12,0.75,0.3438293804317234,0.10131161625554874,9,0.828480478236503,-2.020569827731867,0.3317048384083691,0.17706762947568216,0.3534152004889932,,0.14602806565734738,,,,198320000.0,669125000.0,0001107843,94.22572178477691,65.27415143603133,94.88372093023256,0.4716981132075472,86.64596273291926,82.44514106583071,91.83673469387756,,13.297872340425528,,,,79.74993661040412,71.25665150721355,13.297872340425528,,,
66,SFM,Sprouts Farmers Market,Consumer Staples,63.40323072487431,True,9,12,0.75,0.09112640063332234,0.1407990890353905,19,0.38795449866394643,0.05099990833208229,0.0779179662779198,0.025295193111253757,0.3732304924758067,0.32838324992124435,-0.020732905841882032,,,,523670000.0,8806159000.0,0001575515,61.15485564304461,75.97911227154047,55.348837209302324,34.90566037735849,29.19254658385093,39.811912225705335,93.11224489795919,62.028985507246375,83.77659574468085,,,,68.56698395729254,50.47424025883525,72.9027906259636,,,
67,PEGA,Pegasystems,Information Technology,63.25936802133028,True,8,12,0.75,0.08810178210019837,0.16606687238675377,15,0.7586326591866708,0.5553296665037687,0.15070351217656883,0.1073501856039443,0.4996780465873573,,0.10665915422720595,,,,393437000.0,1745812000.0,0001013857,59.84251968503938,80.4177545691906,90.69767441860465,95.28301886792453,58.69565217391305,70.53291536050156,94.89795918367348,,15.957446808510639,,,,70.13013712711499,82.02144400092345,15.957446808510639,,,
68,AEIS,Advanced Energy,Information Technology,62.96940036446896,True,9,12,0.75,0.15711928919929052,0.21376518218623475,19,0.37658438959306206,0.22872950313357443,0.0933955970647098,0.013706365633917417,0.03978133255063105,0.8307895509245671,-0.009061107360841314,,,,54214000.0,1798800000.0,0000927003,79.52755905511812,86.68407310704961,51.627906976744185,64.15094339622641,36.024844720496894,34.1692789968652,22.193877551020407,31.014492753623188,72.07446808510639,,,,83.10581608108387,41.63337032827062,51.54448041936479,,,
69,SGI,Somnigroup International,Consumer Discretionary,62.7823429579793,True,9,12,0.75,0.10356744527937845,0.5162546391125353,19,0.42576071691299405,0.3226662596606643,0.1009697050759045,0.06771971319357831,1.3439468159552135,5.388383484954514,0.06227490620884102,,,,384100000.0,7476500000.0,0001206264,65.87926509186352,94.51697127937337,60.93023255813953,82.0754716981132,40.06211180124223,58.307210031347964,97.95918367346938,2.608695652173907,24.7340425531915,,,,80.19811818561844,67.86684195246247,13.671369102682704,,,
70,ENSG,Ensign Group,Health Care,62.77673257996915,True,7,12,0.75,0.13152822046414125,0.18751346599725083,10,,,0.08451828832312756,0.029017050759194814,0.1541278607355297,0.06351857867792851,0.07081021436405788,,,,343971000.0,5032118000.0,0001125376,74.2782152230971,83.5509138381201,,,31.987577639751553,42.00626959247649,63.775510204081634,84.34782608695652,22.074468085106375,,,,78.9145645306086,45.923119145436566,53.211147086031445,,,
71,AAON,AAON,Industrials,62.73915148168754,True,9,12,0.75,0.15838695935047498,0.2010944208689569,19,0.26747827437666255,0.19843768079944307,0.10141490462361206,-0.10587355275794987,0.12021765727917227,0.0,0.08283771940362139,,,,107593000.0,1442076000.0,0000824142,79.79002624671917,85.90078328981723,30.697674418604652,58.9622641509434,40.683229813664596,10.031347962382444,51.02040816326531,93.76811594202898,19.414893617021278,,,,82.8454047682682,38.27898490177208,56.59150477952513,,,
72,LOPE,Grand Canyon Education,Consumer Discretionary,62.62118556814857,True,7,12,0.75,0.026596305292551525,0.07073364814395333,19,,,0.24040973898577847,0.1525886742048903,0.28941016128621977,0.14428871130342347,-0.033631112209440484,,,,216170000.0,1106070000.0,0001434588,24.409448818897637,55.09138381201044,,,79.8136645962733,76.8025078369906,89.03061224489795,76.81159420289855,90.95744680851064,,,,39.75041631545404,81.88226155938729,83.88452050570459,,,
73,WTS,Watts Water Technologies,Industrials,62.62039237190678,True,9,12,0.75,0.06373236105554225,0.08271911908356278,22,0.4945663317613287,0.3960966521274614,0.1837605085093295,0.08007057715921509,0.16807220002959017,0.14928243823050746,-0.00551136851181111,,,,340800000.0,2438500000.0,0000795403,46.194225721784775,58.485639686684074,69.76744186046511,89.15094339622641,68.63354037267081,62.38244514106584,68.11224489795919,76.23188405797102,67.02127659574468,,,,52.33993270423443,71.60932313367748,71.62658032685785,,,
74,FN,Fabrinet,Information Technology,62.59097712496316,True,9,12,0.75,0.1358888202204953,0.18604444657188246,37,0.1208860691007324,-0.006344449455283688,0.09488621591324843,-0.0003260788315865709,0.16778937659071597,0.0,0.0031112254607048584,,,,332527000.0,3419327000.0,0001408710,75.8530183727034,83.02872062663185,8.837209302325581,13.20754716981132,36.95652173913043,26.959247648902824,67.60204081632652,93.76811594202898,59.04255319148936,,,,79.44086949966763,30.71251333529933,76.40533456675917,,,
75,SPXC,SPX Technologies,Industrials,62.42029489827047,True,9,12,0.75,0.04902997146008592,0.14174101517213566,28,0.3778243652457489,0.30039449361632553,0.15469515694671318,0.10715049892864621,0.10905027932960894,0.0015642458100558658,-0.0014680341207259362,,,,244000000.0,2265100000.0,0000088205,37.00787401574803,76.50130548302873,52.55813953488372,79.71698113207547,60.24844720496895,69.90595611285266,46.42857142857143,90.14492753623188,63.297872340425535,,,,56.75458974938838,61.771619082670455,76.7213999383287,,,
76,RBC,RBC Bearings,Industrials,62.41992713269173,True,9,12,0.75,0.11699210041284758,0.14337224225386547,15,0.4437436527874285,0.09009306198616768,0.22502538885028595,0.029689913857141093,0.0855697709015174,0.2604879500148765,0.025537918794281245,,,,287600000.0,1870900000.0,0001324948,70.07874015748031,76.76240208877284,62.32558139534884,42.45283018867924,77.32919254658384,42.63322884012539,34.43877551020408,67.82608695652175,40.95744680851063,,,,73.42057112312658,51.83592169618828,54.391766882516194,,,
77,AR,Antero Resources,Energy,62.264047117093035,True,7,12,0.75,0.15622450332902904,0.21967539270888903,42,,,0.16748969781586684,-0.6005448662924829,0.08035172836035047,0.18514210430195263,0.012634552570651048,,,,606722000.0,5275823000.0,0001433270,79.26509186351706,87.98955613577023,,,64.59627329192547,1.5673981191222568,32.6530612244898,73.91304347826087,48.670212765957444,,,,83.62732399964364,32.93891087851251,61.29162812210916,,,
78,ELS,Equity Lifestyle Properties,Real Estate,62.06046213440263,True,8,12,0.75,0.15437074308228316,0.13751242739783365,4,5.830172657797905,,23.407478112040025,-0.419085714736088,0.22892827148367995,1.9050923118532122,0.127900406843088,,,,402061000.0,21739000.0,0000895417,79.00262467191601,75.45691906005221,100.0,,99.37888198757764,3.4482758620689653,79.33673469387756,10.434782608695642,14.627659574468083,,,,77.2297718659841,70.54097313588105,12.531221091581862,,,
79,BSY,Bentley Systems,Information Technology,61.39427821954422,True,9,12,0.75,0.11711382029589323,0.10988437618940283,14,0.815199173779897,0.0050533034006918776,0.2414609606340214,0.06596689520197618,0.23361187409251455,1.0500238352868179,0.018675118591409356,,,,277861000.0,1501779000.0,0001031308,70.34120734908137,68.66840731070496,93.95348837209302,17.92452830188679,80.12422360248446,57.68025078369906,80.35714285714286,24.34782608695653,45.21276595744681,,,,69.50480732989317,66.00792678346124,34.78029602220167,,,
80,OKTA,"Okta, Inc.",Information Technology,61.29477760760167,True,8,12,0.75,0.3800070853752693,0.11839080459770113,10,0.7735525865022268,0.12148114638183327,0.05104487838300788,0.5153932235940075,0.033576225175025,,0.07339221431177179,,,,235000000.0,2919000000.0,0001660134,95.8005249343832,70.23498694516971,91.62790697674419,46.69811320754717,20.80745341614907,94.67084639498434,20.66326530612245,,21.276595744680847,,,,83.01775593977646,54.89351706030944,21.276595744680847,,,
81,SF,Stifel,Financials,61.20705421061927,True,7,12,0.75,0.08092926096256048,0.14482224521368714,8,,,0.2818611914598042,-0.018094041429145225,0.16131558099692223,0.14566574328472012,0.04058018904807792,,,,683779000.0,3771017000.0,0000720672,55.90551181102362,77.28459530026109,,,84.16149068322981,20.689655172413794,66.3265306122449,76.52173913043478,34.574468085106375,,,,66.59505355564235,57.05922548929616,55.54810360777058,,,
82,NYT,New York Times Company,Communication Services,61.154626701758644,True,7,12,0.75,0.06855719222074397,0.09242323522121154,19,,,0.15276797415004612,0.11704914189321772,0.16850555241767387,0.12107792685573315,0.00811133604284553,,,,343981000.0,2824918000.0,0000071691,48.818897637795274,61.61879895561357,,,59.006211180124225,72.72727272727273,68.36734693877551,79.13043478260869,52.3936170212766,,,,55.21884829670442,66.70027694872415,65.76202590194265,,,
83,WWD,"Woodward, Inc.",Industrials,61.14067155850836,True,5,12,0.75,0.06504136326970822,0.07304356562940972,22,,,,,0.17226960828245122,0.22596020090477284,-0.007252283288361028,,,,442111000.0,3567064000.0,0000108312,46.71916010498688,55.87467362924282,,,,,69.89795918367348,70.14492753623188,68.88297872340425,,,,51.296916867114845,69.89795918367348,69.51395312981806,,,
84,DLB,Dolby,Information Technology,61.13561483071114,True,8,12,0.75,0.2143329616651075,0.059203703165763955,14,0.8813072127963947,-0.015553504267509455,0.19639248997502093,-0.5663968736639879,0.09724021251015708,,-0.009565078165278962,,,,255018000.0,1349130000.0,0001308547,86.08923884514435,50.13054830287206,96.74418604651163,11.320754716981133,71.42857142857143,1.8808777429467085,41.07142857142857,,72.6063829787234,,,,68.1098935740082,44.48916370128789,72.6063829787234,,,
85,NVT,nVent Electric plc,Industrials,60.872958978955346,True,9,12,0.75,0.07008921855612815,0.2950666977146468,22,0.37735994451722277,-0.01763060368693603,0.15843415273175618,0.001156269934024623,0.19039193608921773,0.418154522545708,-0.010619115426702352,,,,710200000.0,3893100000.0,0001720635,49.86876640419948,91.38381201044386,52.093023255813954,10.849056603773585,61.49068322981367,27.586206896551722,73.21428571428571,54.78260869565217,74.20212765957447,,,,70.62628920732166,45.04665114004773,64.49236817761332,,,
86,SEIC,SEI Investments Company,Financials,60.82761409534532,True,9,12,0.75,-0.3375799852479898,0.044233480103641254,13,1.1716431196940433,0.8698007979126694,1.004876916454635,0.7448503991791016,0.292225539508388,0.0,-0.027258791468987464,,,,715305000.0,443723000.0,0000350894,0.7874015748031495,44.12532637075718,99.06976744186046,99.52830188679245,97.51552795031056,96.86520376175548,89.54081632653062,93.76811594202898,88.03191489361703,,,,22.456363972780164,96.50392347344992,90.900015417823,,,
87,CUZ,Cousins Properties,Real Estate,60.75828178247803,True,7,12,0.75,0.13224842219970734,0.15997282779968214,16,,,0.6775006641068366,0.022288816388547406,0.008655245438168728,0.7139119025384703,0.019790240259408343,,,,40503000.0,993816000.0,0000025232,74.80314960629921,79.11227154046998,,,96.58385093167702,38.557993730407524,14.030612244897958,38.55072463768116,44.14893617021277,,,,76.95771057338459,49.7241523023275,41.34983040394697,,,
88,TWLO,Twilio,Information Technology,60.66691073087842,True,9,12,0.75,0.3810077629503792,0.13664851517574106,10,0.4891703932333706,-0.07626491064100521,0.03114173057416098,0.1801131910822108,0.004325743273772218,0.12686583956675573,0.24290205141863885,,,,33834000.0,5067220000.0,0001447669,96.06299212598425,75.19582245430809,68.83720930232559,3.7735849056603774,13.043478260869565,83.69905956112854,13.010204081632654,78.84057971014494,6.648936170212778,,,,85.62940729014616,36.47270722232334,42.74475794017886,,,
89,CW,Curtiss-Wright,Industrials,60.66153345236802,True,9,12,0.75,0.0875480402722042,0.12084593403347244,5,0.3720399088490304,0.001032043643199032,0.18109023282829842,0.03028453808177925,0.19112447475384575,0.37807618802529547,-0.0148510376514015,,,,484228000.0,3498372000.0,0000026324,59.31758530183727,71.27937336814621,51.162790697674424,15.566037735849056,67.3913043478261,43.573667711598745,73.72448979591837,57.68115942028986,76.59574468085106,,,,65.29847933499174,50.28365805777334,67.13845205057046,,,
90,PR,Permian Resources,Energy,60.572219977002554,True,7,12,0.75,0.7699244584753426,0.012893507233138202,10,,,0.28877948026252015,0.5271279003587613,0.09098543900624638,0.34496017914277893,0.2196438977558588,,,,935174000.0,5065211000.0,0001658566,98.9501312335958,27.676240208877285,,,84.78260869565217,94.98432601880877,38.265306122448976,60.289855072463766,7.7127659574468055,,,,63.31318572123654,72.67741361230331,34.001310514955286,,,
91,RLI,RLI Corp.,Financials,60.51800934544213,True,5,12,0.75,0.07380771481801096,0.06329926162911548,18,,,,,0.2268237022240518,0.05623677029978698,0.10352442850490817,,,,403337000.0,1882448000.0,0000084246,51.70603674540683,51.697127937336816,,,,,78.8265306122449,84.92753623188406,16.223404255319153,,,,51.70158234137182,78.8265306122449,50.57547024360161,,,
92,TKR,Timken,Industrials,60.4656269117173,True,9,12,0.75,0.06184697274335993,3.2676974664679586,34,0.27365988909426986,0.2245176312472401,0.11798856344668035,0.026446125810902388,0.09056082396533316,0.595836211769139,-0.019431338289824795,,,,288400000.0,4581800000.0,0000098362,44.881889763779526,97.911227154047,32.093023255813954,62.264150943396224,46.8944099378882,40.43887147335423,37.5,42.89855072463769,82.4468085106383,,,,71.39655845891326,43.83809112209052,62.672679617637996,,,
93,NTNX,Nutanix,Information Technology,60.2917247466817,True,8,12,0.75,0.19691117238993971,0.1810815816710225,22,0.8680884044340125,0.6984334512149664,0.06798501296530593,0.16319368978936583,-0.2712175315325693,,0.3043477419574132,,,,188366000.0,2537927000.0,0001618732,84.25196850393701,82.50652741514361,95.81395348837209,98.58490566037736,26.39751552795031,79.3103448275862,3.061224489795918,,5.851063829787222,,,,83.37924795954031,60.633588798816376,5.851063829787222,,,
94,GGG,Graco Inc.,Industrials,60.27779318234354,True,9,12,0.75,0.05951619087945281,0.05833864883434381,22,0.5245376472544984,0.3855885968946454,0.27935074783019254,0.1882165885440156,0.19662869908825814,0.0006119224652035037,0.06532805029823052,,,,521839000.0,2236604000.0,0000042888,43.832020997375324,49.869451697127936,72.55813953488372,88.67924528301887,83.54037267080744,84.95297805642633,74.48979591836735,90.72463768115942,23.93617021276596,,,,46.850736347251626,80.84410629270073,57.33040394696269,,,
95,ADC,Agree Realty,Real Estate,60.05684809756594,True,7,12,0.75,0.21472041425164234,0.16416110971568387,44,,,0.47382509416785684,-0.1070117493215949,0.03258642780998519,0.2700870756348484,0.18211176542824026,,,,204349000.0,718398000.0,0000917251,86.3517060367454,79.89556135770235,,,91.92546583850931,9.717868338557993,20.153061224489797,66.95652173913044,10.372340425531917,,,,83.12363369722388,40.5987984671857,38.66443108233118,,,
96,COLB,Columbia Banking System,Financials,59.92442059973636,True,5,12,0.75,0.2073034078289293,0.18791946308724827,5,,,,,0.07015306122448979,0.0,0.14386657737306185,,,,550000000.0,177000000.0,0000887343,85.8267716535433,83.81201044386422,,,,,28.8265306122449,93.76811594202898,13.563829787234042,,,,84.81939104870376,28.8265306122449,53.66597286463151,,,
97,MOG.A,Moog Inc.,Industrials,59.87571425334849,True,9,12,0.75,0.05417133196161372,2.981740585118123,28,0.27388007741753667,0.19623542915350656,0.1164594117427649,0.017683199926287113,0.1179530803415715,0.4746097347375606,-0.01742536897907987,,,,235028000.0,3860624000.0,0000067887,39.89501312335958,97.38903394255874,32.55813953488372,58.01886792452831,46.273291925465834,36.36363636363637,50.0,49.56521739130435,80.0531914893617,,,,68.64202353295916,44.64278714970285,64.80920444033302,,,
98,BMRN,BioMarin Pharmaceutical,Health Care,59.740059039042556,True,6,12,0.75,0.1249009155011298,0.12871371431875156,10,,,0.12711761541238767,0.8464855900984254,0.05731904999491539,,0.04109142384291542,,,,348901000.0,3221253000.0,0001048477,72.17847769028872,73.10704960835508,,,48.4472049689441,97.80564263322884,25.510204081632654,,33.77659574468085,,,,72.64276364932189,57.25435056126853,33.77659574468085,,,
99,CAR,Avis Budget Group,Industrials,59.57924645599666,True,5,12,0.75,0.0335365975001205,-0.011621002629569888,19,,,,,0.2841163310961969,-1.9392777245126238,-0.06444734523834361,,,,-889000000.0,11652000000.0,0000723612,27.821522309711288,18.79895561357702,,,,,88.01020408163265,97.10144927536231,96.54255319148936,,,,23.310238961644153,88.01020408163265,96.82200123342584,,,
100,FND,Floor & Decor,Consumer Discretionary,59.324879713903925,True,9,12,0.75,0.1806594799063288,0.05124097518498494,31,0.4363513238863147,0.32714835726885055,0.057656901407488505,-0.008132684977210557,0.08661735377584859,0.08145760026834538,0.004845022168848745,,,,208647000.0,4684088000.0,0001507079,82.67716535433071,47.25848563968668,61.395348837209305,83.01886792452831,22.36024844720497,23.510971786833856,34.69387755102041,82.89855072463769,57.180851063829785,,,,64.9678254970087,44.99586290935937,70.03970089423373,,,
101,PATH,UiPath,Information Technology,59.04052248470384,True,8,12,0.75,0.29839413841783125,0.12653882310808684,7,0.8317467334586718,0.008465280799787256,0.0352421375759668,1.5740604243237863,0.1355669655097242,,0.23658851740513387,,,,282330000.0,1610572000.0,0001734722,92.6509186351706,72.0626631853786,95.34883720930233,21.22641509433962,14.906832298136646,98.43260188087774,57.6530612244898,,7.180851063829792,,,,82.3567909102746,57.51354954142922,7.180851063829792,,,
102,PSN,Parsons Corporation,Industrials,59.016581292498195,True,6,12,0.75,0.09779500286545706,2.669597311218191,19,,,0.06569105997647796,0.01574029745025582,0.09127069439292662,0.46851121490374786,,,,,241139000.0,6364245000.0,0000275880,64.56692913385827,97.12793733681463,,,26.08695652173913,35.42319749216301,38.775510204081634,50.724637681159415,,,,,80.84743323533644,33.42855473932792,50.724637681159415,,,
103,FTI,TechnipFMC,Energy,58.95988350328321,True,6,12,0.75,,0.09350126055508468,23,,,0.1445844995268107,0.061309139728558615,0.2865509245496165,0.12783161900231882,6.24906400345706,,,,963900000.0,9932600000.0,0001681459,,61.8798955613577,,,56.2111801242236,54.858934169278996,88.5204081632653,78.26086956521739,0.7978723404255277,,,,61.8798955613577,66.53017415225597,39.52937095282146,,,
104,LPX,Louisiana-Pacific,Materials,58.95266447363764,True,9,12,0.75,0.12526923835157544,0.0344196934781813,3,0.26308345120226306,0.08205900417083117,0.185997171145686,0.09188057761116465,0.08434430964760255,0.20103986135181975,-0.07642555950914454,,,,146000000.0,2828000000.0,0000060519,72.44094488188976,39.1644908616188,29.30232558139535,41.0377358490566,69.56521739130434,66.14420062695925,34.183673469387756,71.8840579710145,97.07446808510639,,,,55.80271787175428,48.04663058362066,84.47926302806044,,,
105,MTSI,MACOM Technology Solutions,Information Technology,58.91479227907724,True,9,12,0.75,0.09145259518545079,0.32577736719034833,21,0.5469088909060458,0.18677028001156754,0.13404076265070952,0.06544988377004628,-0.040848620483085234,0.37719680957278867,0.2941509331953154,,,,-54210000.0,967258000.0,0001493594,61.679790026246714,91.90600522193212,74.88372093023256,57.07547169811321,52.17391304347826,57.05329153605015,8.418367346938775,58.26086956521739,6.11702127659575,,,,76.79289762408942,49.92095291096258,32.18894542090657,,,
106,SIGI,Selective Insurance Group,Financials,58.865808464140095,True,5,12,0.75,0.07383099238147373,0.09775747562974324,33,,,,,0.129236417542377,0.14074300874902154,0.006451962948713641,,,,466411000.0,5336928000.0,0000230557,51.96850393700787,64.22976501305483,,,,,55.61224489795919,77.10144927536231,55.0531914893617,,,,58.09913447503135,55.61224489795919,66.077320382362,,,
107,G,Genpact,Industrials,58.68362833605712,True,9,12,0.75,0.07861345718249879,0.06560328952019234,22,0.36044401845004576,0.2530534298449817,0.14768206093097888,0.10952519190101259,0.21671522055573053,0.6049660292751121,-0.015139604519679217,,,,552494000.0,5079879000.0,0001398659,54.330708661417326,53.26370757180157,49.76744186046512,69.81132075471697,57.7639751552795,70.84639498432603,76.78571428571429,41.73913043478261,77.3936170212766,,,,53.79720811660945,64.99496940810039,59.5663737280296,,,
108,CART,Maplebear Inc.,Consumer Staples,58.64620780353112,True,8,12,0.75,0.19516017433820698,0.10775606867969212,5,0.7370390165686799,0.06855482900052279,0.13308391234633885,0.17997595160479032,0.17752184273232724,,0.49813274918062644,,,,447000000.0,3742000000.0,0001579091,83.98950131233596,68.1462140992167,89.30232558139535,38.20754716981132,51.5527950310559,83.38557993730407,70.40816326530613,,4.7872340425531945,,,,76.06785770577633,66.57128219697456,4.7872340425531945,,,
109,EGP,EastGroup Properties,Real Estate,58.59646585576354,True,5,12,0.75,0.09359688625365914,0.1266755592486497,17,,,0.3613811286585528,0.01865046966601419,,,0.04651580151128698,,,,,721336000.0,0000049600,62.72965879265092,72.32375979112271,,,89.13043478260869,36.990595611285265,,,30.31914893617021,,,,67.52670929188682,63.06051519694698,30.31914893617021,,,
110,MKSI,MKS Instruments,Information Technology,58.52880447710631,True,9,12,0.75,0.13127641489564645,0.09620747350808712,22,0.46731111676418213,0.32572071052397683,0.13431696769269905,0.08605635389340897,0.10849577050386171,1.8227186465612357,0.019270753519759154,,,,295000000.0,3931000000.0,0001049502,74.01574803149606,63.70757180156657,66.04651162790698,82.54716981132076,52.484472049689444,64.89028213166145,45.91836734693878,11.59420289855072,44.41489361702128,,,,68.86165991653132,62.377360593503475,28.004548257786,,,
111,HRB,H&R Block,Consumer Discretionary,58.346850953936496,True,5,12,0.75,0.026555363476202354,0.04172673706987173,11,,,,,6.814401097912167,16.797133729301656,-0.053580841901180065,,,,605773000.0,3760995000.0,0000012659,24.146981627296586,43.08093994778068,,,,,99.48979591836735,0.28985507246376585,94.68085106382979,,,,33.61396078753863,99.48979591836735,47.48535306814678,,,
112,COKE,Coca-Cola Consolidated,Consumer Staples,58.22367152351317,True,9,12,0.75,0.09840254845749108,0.04758732098538543,22,0.39739072267712405,0.29358498843797537,0.13152307225111043,0.08960840056657185,-0.7713454901361726,-3.766286839803548,0.002344876399742013,,,,570582000.0,7228055000.0,0000317540,64.82939632545933,45.16971279373368,56.74418604651162,77.83018867924528,50.0,65.8307210031348,0.7653061224489796,98.55072463768116,59.57446808510639,,,,54.999554559596504,50.23408037026813,79.06259636139377,,,
113,CHDN,Churchill Downs Inc.,Consumer Discretionary,58.172900150441556,True,7,12,0.75,0.1633892442651621,0.07007277913908494,5,,,0.23370586827984552,0.0556442604661716,0.3793205902743389,5.080915123303952,0.1734331853747384,,,,383000000.0,2925900000.0,0000020212,81.10236220472441,54.83028720626631,,,78.88198757763976,52.66457680250783,93.36734693877551,3.4782608695652186,11.170212765957444,,,,67.96632470549537,74.97130377297437,7.3242368177613315,,,
114,CFR,Frost Bank,Financials,58.013908343337455,True,4,12,0.75,0.052122907615204994,0.14442247952555776,8,,,,,0.1418219755978304,,0.004649784562287929,,,,648557000.0,121572000.0,0000039263,38.320209973753286,77.02349869451697,,,,,58.673469387755105,,57.71276595744681,,,,57.67185433413513,58.673469387755105,57.71276595744681,,,
115,EQH,Equitable Holdings,Financials,57.98959486390722,True,5,12,0.75,-0.0009291354755102121,-0.06116700201207248,19,,,,,18.64864864864865,-51.82432432432432,-0.08183314095790628,,,,-1380000000.0,11665000000.0,0001333986,15.485564304461944,5.7441253263707575,,,,,100.0,99.42028985507247,97.6063829787234,,,,10.614844815416351,100.0,98.51333641689794,,,
116,DOCU,Docusign,Information Technology,57.8856570795053,True,8,12,0.75,0.2674380157226104,0.08155266551753448,10,0.7940481441217581,0.06269300503734798,0.09274079826059947,0.39635665212693894,0.16116475998790294,,0.23861162619839948,,,,309085000.0,3219500000.0,0001261333,91.60104986876641,58.22454308093995,92.09302325581396,36.79245283018868,35.40372670807454,92.78996865203762,66.07142857142857,,6.914893617021278,,,,74.91279647485318,64.63012000350867,6.914893617021278,,,
117,EHC,Encompass Health,Health Care,57.86907943065879,True,7,12,0.75,0.05574299453823661,0.10459316608352554,28,,,0.13356194495735513,0.09361794891057536,0.2322204905257977,0.49909769502091705,0.0034427052584262707,,,,566200000.0,5935200000.0,0000785161,41.46981627296588,66.57963446475196,,,51.86335403726709,66.77115987460816,80.10204081632652,47.2463768115942,58.51063829787234,,,,54.024725368858924,66.24551824273392,52.878507554733275,,,
118,WPC,W. P. Carey,Real Estate,57.66967737378524,True,7,12,0.75,0.124167422103733,0.08431173871680553,51,,,0.7912497643732328,0.20468912374055825,0.05744570540203396,1.0744535434145532,0.11355651647918252,,,,466359000.0,1716485000.0,0001025378,71.65354330708661,59.00783289817232,,,97.20496894409938,85.8934169278997,25.765306122448976,24.05797101449275,15.691489361702125,,,,65.33068810262947,69.62123066481603,19.874730188097438,,,
119,JLL,Jones Lang LaSalle,Real Estate,57.62022631507648,True,7,12,0.75,0.1428666799251983,0.11448433612570352,22,,,0.042043835868216695,-0.014103771659402443,0.10557391907021378,0.03665298288638908,0.00721626352130178,,,,792100000.0,26115600000.0,0001037976,77.16535433070865,69.71279373368147,,,17.391304347826086,21.003134796238246,45.1530612244898,86.66666666666667,53.98936170212766,,,,73.43907403219507,27.84916678951804,70.32801418439716,,,
120,RGEN,Repligen,Health Care,57.56789755153236,True,9,12,0.75,0.09244202323794148,0.13753417167851278,30,0.5401216024608877,-0.002539397866016535,0.078392732690875,0.3533754243219025,0.02321510220883906,0.25744529418663337,0.04174499717271196,,,,48894000.0,41611000.0,0000730272,62.20472440944882,75.71801566579634,73.95348837209302,14.622641509433961,29.503105590062113,91.53605015673982,19.132653061224488,68.11594202898551,33.24468085106383,,,,68.96137003762259,45.74958773791069,50.680311440024674,,,
121,CACI,CACI International,Industrials,57.41924471461915,True,7,12,0.75,0.0892282941797462,0.1263724844095797,21,,,0.08857215909828481,0.07017926714016312,0.14207497743082007,0.8294145202258509,-0.004524844765677272,,,,499830000.0,8627824000.0,0000016058,60.367454068241464,71.80156657963447,,,33.22981366459628,59.24764890282132,59.183673469387756,31.594202898550733,65.69148936170212,,,,66.08451032393796,50.553712012268456,48.64284613012643,,,
122,CRUS,Cirrus Logic,Information Technology,57.388464574064166,True,8,12,0.75,0.029395079392058765,0.053427155120809866,22,0.5277776526137503,0.42102950128881234,0.2304920598444261,0.024473631575617716,0.1947409675582097,,-0.020151033334535717,,,,414408000.0,1997379000.0,0000772406,25.45931758530184,48.04177545691906,73.0232558139535,89.62264150943396,78.57142857142857,39.18495297805642,74.23469387755102,,82.97872340425532,,,,36.75054652111045,70.9273945500847,82.97872340425532,,,
123,CNX,CNX Resources,Energy,57.13422905582778,True,5,12,0.75,-0.02841697251215547,0.7675708446414786,28,,,,,0.14599023844966216,0.5583006841570333,-0.0135534677600746,,,,633162000.0,2239134000.0,0001070412,9.711286089238845,95.822454308094,,,,,61.224489795918366,45.21739130434783,75.79787234042553,,,,52.76687019866642,61.224489795918366,60.50763182238668,,,
124,MASI,Masimo,Health Care,57.101920674160304,True,9,12,0.75,0.05949691087782316,0.09439506880733939,6,0.619032025672932,0.4555923124614255,0.2030257384242583,0.1462844601170099,-0.21006655574043262,0.7269828064337216,-0.006550055335181382,,,,-151500000.0,1526900000.0,0000937556,43.569553805774284,62.92428198433421,80.46511627906978,91.50943396226415,74.22360248447205,76.17554858934169,4.081632653061225,36.81159420289855,68.08510638297872,,,,53.246917895054246,65.29106679364178,52.448350292938635,,,
125,RRX,Regal Rexnord,Industrials,56.97242241517821,True,9,12,0.75,0.10898354100283414,0.19793403476494364,19,0.33073095813268916,0.25939804142882344,0.060329243124770025,0.033605438702545815,0.04083809412486667,0.699682938589442,0.036914509816028174,,,,279500000.0,6250700000.0,0000082811,67.71653543307087,85.37859007832898,44.651162790697676,71.22641509433963,23.60248447204969,44.20062695924764,22.448979591836736,39.71014492753623,35.37234042553192,,,,76.54756275569993,41.22593378163428,37.54124267653407,,,
126,ESNT,Essent Group Ltd.,Financials,56.92041063672742,True,4,12,0.75,0.28438116767126487,0.01450715421303661,14,,,,,0.11985438948207897,,0.0029881010606205294,,,,689969000.0,1260935000.0,0001448893,92.38845144356955,28.198433420365536,,,,,50.76530612244898,,59.308510638297875,,,,60.29344243196754,50.76530612244898,59.308510638297875,,,
127,JHG,Janus Henderson,Financials,56.68489432257629,True,7,12,0.75,-0.2841021445649521,0.10160029772981027,9,,,0.3320945945945946,0.05739976297828436,0.1597173283219795,0.08861874559548978,-0.19874268986528243,,,,815900000.0,592000000.0,0001274173,1.3123359580052494,66.0574412532637,,,86.95652173913044,53.60501567398119,65.56122448979592,81.15942028985506,99.46808510638297,,,,33.68488860563448,68.70758730096918,90.31375269811902,,,
128,TRU,TransUnion,Industrials,56.57685775750306,True,7,12,0.75,0.11595369660135524,0.093814235862135,31,,,0.18744400498219085,0.1350655663640901,0.10258605154081817,1.2958190664984681,0.04387265032968335,,,,455400000.0,4576300000.0,0001552033,69.81627296587926,62.14099216710183,,,70.1863354037267,73.66771159874608,43.11224489795919,17.68115942028986,32.446808510638306,,,,65.97863256649055,62.32209730014399,25.063983965464082,,,
129,FOUR,Shift4,Financials,56.54532602208129,True,9,12,0.75,0.33243542240601376,0.2548784148904233,14,0.20358318098720293,-0.04739791070027474,0.08397129186602871,0.10733911205867944,0.0825242718446602,3.1525658807212205,0.06549071867178102,,,,119000000.0,4180000000.0,0001794669,93.96325459317585,89.55613577023499,21.3953488372093,5.660377358490567,31.366459627329192,70.21943573667711,33.41836734693878,5.79710144927536,23.40425531914893,,,,91.75969518170541,32.41199778132899,14.600678384212145,,,
130,OPCH,Option Care Health,Health Care,56.51271258036155,True,9,12,0.75,0.22115163782644198,0.13031025956934106,22,0.1925641811276323,0.11369087244187391,0.05981146359539635,0.07155700570843958,0.15650338926698196,0.875179528239368,0.08582131577800634,,,,207585000.0,5649519000.0,0001014739,87.4015748031496,73.36814621409921,19.53488372093023,46.22641509433962,22.981366459627328,59.87460815047022,64.54081632653062,29.27536231884058,18.61702127659575,,,,80.3848605086244,42.6316179503796,23.946191797718164,,,
131,OGS,One Gas,Utilities,56.5122199825088,True,9,12,0.75,0.10356570795065889,0.4254170497905283,7,0.6008782612479727,-0.019507912828841678,0.13574721538554038,0.0807218235781818,0.07680655604465306,0.757447335458645,2.0415939572378767,,,,264224000.0,2578005000.0,0001587732,65.61679790026247,93.21148825065274,79.53488372093022,9.433962264150944,53.41614906832298,62.695924764890286,30.86734693877551,35.362318840579704,1.8617021276595693,,,,79.4141430754576,47.189653351413995,18.612010484119637,,,
132,AA,Alcoa,Materials,56.43366025859809,True,4,12,0.75,0.03618555385292699,0.07868852459016384,22,,,,,0.2243552452976537,0.47294938917975565,,,,,1157000000.0,12831000000.0,0001675149,29.658792650918635,57.702349869451695,,,,,78.06122448979592,50.14492753623188,,,,,43.68057126018516,78.06122448979592,50.14492753623188,,,
133,SON,Sonoco,Materials,56.37913268146318,True,9,12,0.75,0.051546571499907934,0.4171980627157603,19,0.20939815418860017,0.16449066440786778,0.13535954698870942,0.029849202482672574,0.27754400324747824,1.1025315996846603,-0.0009522367897824013,,,,1003011000.0,7518753000.0,0000091767,37.79527559055118,92.95039164490862,22.325581395348838,54.24528301886793,53.105590062111794,42.94670846394985,87.75510204081633,22.898550724637673,62.234042553191486,,,,65.3728336177299,52.07565299621895,42.56629663891458,,,
134,THC,Tenet Health,Health Care,56.354859552952085,True,6,12,0.75,0.001259260903401005,0.03071342200725513,16,,,0.1646175504458001,0.10543387697641234,0.2651658767772512,,-0.09313000995918408,,,,1119000000.0,21310000000.0,0000070318,16.27296587926509,37.0757180156658,,,63.35403726708074,68.96551724137932,85.71428571428571,,98.40425531914893,,,,26.674341947465443,72.67794674091526,98.40425531914893,,,
135,EEFT,Euronet Worldwide,Financials,56.16916099680021,True,7,12,0.75,0.08241364918921334,0.06376259461627143,18,,,0.12482917864379624,0.10657371852131475,0.2367112810707457,0.7942034416826004,0.006700046471495469,,,,309500000.0,4244200000.0,0001029199,56.69291338582677,51.958224543080945,,,47.82608695652174,69.59247648902821,80.86734693877551,33.33333333333334,54.52127659574468,,,,54.32556896445386,66.09530346144182,43.92730496453901,,,
136,MTDR,Matador Resources,Energy,56.14277324217568,True,7,12,0.75,0.23600876820380168,0.05103712088504664,8,,,0.3354402581256355,-0.10239864816598393,0.13418205732236083,0.6012755779680994,0.04909920011987956,,,,759221000.0,3656514000.0,0001520006,89.23884514435696,46.73629242819843,,,87.5776397515528,10.344827586206897,57.39795918367348,42.31884057971015,29.255319148936167,,,,67.98756878627769,51.77347550714438,35.78707986432316,,,
137,BLD,TopBuild Corp.,Consumer Discretionary,56.13873839450278,True,9,12,0.75,0.13924609353467554,0.014875409091105185,18,0.29006693552293306,0.22605016136864398,0.14640791438701473,0.12019436391714326,0.22525516371925947,1.2290588733075436,-0.030390891973118284,,,,521727000.0,5409086000.0,0001633931,76.9028871391076,28.720626631853786,35.81395348837209,63.67924528301887,57.14285714285714,73.04075235109718,78.31632653061224,19.710144927536234,89.8936170212766,,,,52.8117568854807,61.598626959191506,54.801880974406416,,,
138,GWRE,Guidewire Software,Information Technology,56.079216010974456,True,8,12,0.75,0.11330009237569194,0.22637703124027908,9,0.6254292246138954,0.0013793593451100206,0.03415334743222014,-0.008750645047167847,,0.2737405900235378,0.13463206780490156,,,,,1202459000.0,0001528396,69.02887139107612,88.51174934725849,81.3953488372093,16.037735849056602,14.285714285714285,22.884012539184955,,66.66666666666667,14.36170212765957,,,,78.7703103691673,33.65070287779129,40.51418439716312,,,
139,CMC,Commercial Metals,Materials,56.030015367703506,True,5,12,0.75,0.11150562793233054,0.25567743750418237,3,,,,,0.020190953350126137,0.28899759746209575,-0.0018526579092734696,,,,84662000.0,7918430000.0,0000022444,68.76640419947506,89.81723237597912,,,,,18.367346938775512,65.21739130434783,63.82978723404255,,,,79.2918182877271,18.367346938775512,64.52358926919518,,,
140,VOYA,Voya Financial,Financials,55.80258144524421,True,7,12,0.75,0.06765867097909473,0.04883720930232549,8,,,0.46031042128603106,-0.012098036681993718,0.13204118715929739,0.42479305471431456,-0.06202583538461692,,,,654000000.0,2255000000.0,0001535929,48.29396325459317,45.95300261096606,,,90.99378881987577,22.25705329153605,56.12244897959183,53.91304347826087,96.01063829787233,,,,47.123482932779616,56.45776369700122,74.9618408880666,,,
141,OHI,Omega Healthcare Investors,Real Estate,55.79879257286023,True,7,12,0.75,0.03142574199289516,0.13192916044474456,19,,,2.236791963286685,1.6151931435355007,0.11390676353555354,0.8214177564352105,0.08495046906703174,,,,590185000.0,1190099000.0,0000888491,26.246719160104988,74.1514360313316,,,98.4472049689441,98.7460815047022,48.46938775510204,31.884057971014485,18.88297872340425,,,,50.19907759571829,81.88755807624945,25.383518347209368,,,
142,YETI,Yeti Holdings,Consumer Discretionary,55.719284090205235,True,9,12,0.75,0.0950671284747222,0.02110583630667273,22,0.5740901496071168,0.06859018257761185,0.11429365039438179,0.0065814852586044,0.2543335445257091,0.11152187686459288,-0.010294782540050784,,,,165387000.0,1868494000.0,0001670592,62.99212598425197,31.59268929503917,76.27906976744187,38.67924528301887,45.3416149068323,30.407523510971785,83.92857142857143,80.0,73.40425531914894,,,,47.29240763964557,54.927204979367254,76.70212765957447,,,
143,SBRA,Sabra Health Care REIT,Real Estate,55.682171199934324,True,5,12,0.75,0.3845338790125852,0.25406474782223687,9,,,,,0.05514449609315337,0.8961865675635161,0.16526024292849373,,,,155609000.0,356883000.0,0001492298,96.3254593175853,89.29503916449086,,,,,25.0,28.405797101449267,11.968085106382972,,,,92.81024924103808,25.0,20.18694110391612,,,
144,RYAN,Ryan Specialty,Financials,55.53292101523139,True,6,12,0.75,0.20491359344042936,0.21945570070257792,4,,,0.16484437560901655,-0.004274495607746953,0.0978269423351999,5.171715223439334,,,,,63399000.0,2994582000.0,0001849253,85.30183727034121,87.72845953002611,,,63.975155279503106,25.391849529780565,41.3265306122449,3.1884057971014386,,,,,86.51514840018366,43.56451180717619,3.1884057971014386,,,
145,RRC,Range Resources,Energy,55.47931440185016,True,5,12,0.75,-0.015516184289594115,0.2732398255058379,8,,,,,0.1523668916504831,0.2774768499919304,0.02519887805932086,,,,658024000.0,2988164000.0,0000315852,11.548556430446194,90.33942558746736,,,,,63.01020408163265,65.79710144927537,41.22340425531915,,,,50.94399100895678,63.01020408163265,53.51025285229726,,,
146,WEX,WEX Inc.,Financials,55.29470121504647,True,7,12,0.75,0.09197849800181612,-0.011728163658758617,8,,,0.3597594017557169,0.2656638143392498,0.246334548400162,2.905386796273795,-0.006701534134700093,,,,304100000.0,1845400000.0,0001309108,61.942257217847775,18.5378590078329,,,88.81987577639751,89.65517241379311,82.6530612244898,6.666666666666671,68.35106382978724,,,,40.24005811284034,87.0427031382268,37.508865248226954,,,
147,LAD,Lithia Motors,Consumer Discretionary,55.29211260363331,True,9,12,0.75,0.1789117172576249,0.03997711961357564,9,0.15233201097917093,0.002022190922659761,0.04237290387379799,0.0018236548776149747,0.12412163799370002,0.07347952507874969,-0.055261831782537185,,,,819600000.0,37634900000.0,0001023128,82.41469816272966,41.77545691906005,12.093023255813954,16.50943396226415,17.70186335403727,27.89968652037618,52.04081632653062,83.76811594202898,95.2127659574468,,,,62.095077540894856,25.248964683804434,89.49044094973789,,,
148,FAF,First American Financial Corporation,Financials,55.23276613832684,True,4,12,0.75,0.031926528599472315,0.21607023384083157,51,,,,,0.1130648240749159,,-0.001585587637872865,,,,621800000.0,7452200000.0,0001472787,26.509186351706038,87.20626631853786,,,,,47.95918367346938,,63.56382978723404,,,,56.857726335121946,47.95918367346938,63.56382978723404,,,
149,NFG,National Fuel Gas,Utilities,55.17037701039332,True,7,12,0.75,-0.10169136666118017,0.29973661075380154,4,,,0.36656877487757517,0.10049863369820689,-33.5037477384337,-173.35622899974155,0.007261038305693912,,,,518504000.0,2219117000.0,0000070145,3.937007874015748,91.64490861618799,,,89.44099378881988,68.02507836990596,0.25510204081632654,99.71014492753623,53.72340425531915,,,,47.79095824510187,52.57372473318072,76.7167745914277,,,
150,WTRG,Essential Utilities,Utilities,55.1501745787095,True,7,12,0.75,0.0853602930185926,0.1862324811743179,49,,,0.3721593055889502,-0.0218571843992712,0.08988304117445303,1.185860908185193,0.029097637646532393,,,,616369000.0,2474615000.0,0000078128,57.74278215223097,83.28981723237598,,,89.75155279503106,19.435736677115987,37.244897959183675,21.159420289855063,38.56382978723404,,,,70.51629969230348,48.8107291437769,29.861625038544553,,,
151,CAVA,Cava Group,Consumer Discretionary,55.09811124009022,True,8,12,0.75,0.23931426031653968,0.22408227345693166,5,0.24749005077535338,0.08320770743279471,0.046865039536681634,0.1523538491480976,0.08175785218096186,,3.3518515387357324,,,,63743000.0,1179664000.0,0001639438,89.76377952755905,88.25065274151436,27.906976744186046,41.509433962264154,19.565217391304348,76.48902821316614,33.16326530612245,,1.5957446808510696,,,,89.0072161345367,39.72678432340862,1.5957446808510696,,,
152,OGE,OGE Energy,Utilities,55.06497831765163,True,6,12,0.75,,0.09404786395117593,10,,,0.25052493027045664,0.22430075881863226,0.0945693448255078,1.0787374681051976,1.4857453810626526,,,,470700000.0,3190900000.0,0001021635,,62.66318537859008,,,81.67701863354037,87.14733542319749,40.05102040816326,23.47826086956522,2.659574468085097,,,,62.66318537859008,69.6251248216337,13.068917668825158,,,
153,ULS,UL Solutions,Industrials,55.01084891810664,True,7,12,0.75,0.06604471430721359,0.06376306620209049,4,,,0.17097936455944973,0.007487301067386237,0.25752773375594296,0.3890649762282092,0.0017070244096137888,,,,325000000.0,3053000000.0,0001901440,47.24409448818898,52.219321148825074,,,65.83850931677019,30.721003134796238,84.43877551020408,56.811594202898554,60.1063829787234,,,,49.731707818507026,60.3327626539235,58.458988590810975,,,
154,ENS,EnerSys,Industrials,54.916820768018624,True,9,12,0.75,0.060637350873439466,0.15848690487676764,9,0.9290734528629265,-0.1488374616306969,0.0928397917871602,-0.395337223233329,0.15407519298960154,0.5667302092496447,-0.017775936947797222,,,,293557000.0,216125000.0,0001289308,44.61942257217848,78.85117493472585,98.13953488372093,1.8867924528301887,35.714285714285715,4.075235109717868,63.52040816326531,44.927536231884055,80.58510638297872,,,,61.73529875345216,40.667251264764005,62.75632130743139,,,
155,WMS,Advanced Drainage Systems,Industrials,54.72209714371647,True,9,12,0.75,0.10349347661671793,0.05031634727786405,19,0.38270232915548774,0.35148287671084816,0.2029920245897555,0.14228227538095956,0.22943842421777402,0.8671617348152022,0.18856284998855388,,,,426465000.0,3050376000.0,0001604028,65.35433070866141,46.47519582245431,53.95348837209303,86.79245283018868,73.91304347826086,75.23510971786834,79.59183673469387,29.855072463768124,10.106382978723403,,,,55.91476326555786,73.89718622662096,19.980727721245763,,,
156,NNN,NNN Reit,Real Estate,54.63670359977642,True,7,12,0.75,0.08624227206418733,0.06551159253899264,42,,,0.6364475557997998,-0.00813925091844625,0.08841885152151555,0.04536894250892974,0.05355843465912735,,,,389777000.0,926213000.0,0000751364,58.53018372703412,53.00261096605744,,,95.96273291925466,23.197492163009404,36.47959183673469,85.79710144927536,27.393617021276597,,,,55.76639734654578,51.87993897299958,56.59535923527598,,,
157,MTN,Vail Resorts,Consumer Discretionary,54.53979231288694,True,7,12,0.75,0.07082325109419751,0.027435272049580073,25,,,0.18889826326000297,0.24746119330497932,0.6596105055606727,7.524809245722604,0.000898872049732935,,,,280004000.0,2964347000.0,0000812011,50.13123359580053,35.24804177545692,,,70.4968944099379,89.0282131661442,95.91836734693877,1.4492753623188293,60.90425531914894,,,,42.689637685628725,85.14782497434028,31.176765340733883,,,
158,BKH,Black Hills Corporation,Utilities,54.520383330115465,True,7,12,0.75,0.03904419821416294,0.08970448045757862,8,,,0.2351062899133934,0.16983648226793796,0.07626320744847788,1.2294957631551418,-0.3232226857571908,,,,291600000.0,2286200000.0,0001130464,31.758530183727036,60.574412532637076,,,79.19254658385093,80.25078369905955,30.102040816326532,19.420289855072454,99.73404255319149,,,,46.16647135818206,63.18179036641234,59.57716620413197,,,
159,MANH,Manhattan Associates,Information Technology,54.45905843377488,True,6,12,0.75,0.06674509686268304,0.037453758423258154,22,,,0.25874058620740675,0.18371705658158155,0.6987689228472035,,0.06987153193003404,,,,219948000.0,1081392000.0,0001056696,47.76902887139108,40.73107049608355,,,82.29813664596274,84.63949843260188,96.1734693877551,,22.872340425531917,,,,44.250049683737316,87.70370148877323,22.872340425531917,,,
160,KTOS,Kratos Defense & Security Solutions,Industrials,54.22518428162275,True,9,12,0.75,0.10644938248762537,0.18525037402094524,22,0.22861597861597863,0.14262225283631447,0.019008019008019007,0.010519367965391215,0.011020387717276963,0.0004007413715373441,0.15836449052856616,,,,22000000.0,1346800000.0,0001069258,67.19160104986877,82.76762402088774,23.72093023255814,52.358490566037744,9.006211180124224,32.60188087774294,15.561224489795919,91.01449275362319,12.5,,,,74.97961253537825,26.649747469251793,51.757246376811594,,,
161,SARO,StandardAero,Industrials,54.21165585387709,True,7,12,0.75,0.13462284144021663,0.15759530783949538,4,,,0.0908977844666065,0.027620253541252845,0.10400624449117482,0.8302762594987986,0.09030451668406148,,,,277417000.0,6062513000.0,0002025410,75.59055118110236,78.3289817232376,,,34.47204968944099,41.37931034482759,44.13265306122449,31.304347826086953,18.351063829787222,,,,76.95976645216999,39.994671031831025,24.827705827937088,,,
162,DY,Dycom Industries,Industrials,53.92199473091935,True,7,12,0.75,0.07987508073369165,0.17947585864270077,33,0.16911770109873958,0.10055002283587225,,,0.15124713845571275,1.5138736488347275,-0.007625349368004963,,,,281189000.0,5545912000.0,0000067215,55.118110236220474,81.98433420365535,13.488372093023257,44.339622641509436,,,62.755102040816325,15.65217391304347,69.68085106382978,,,,68.55122221993791,40.194365591783004,42.666512488436624,,,
163,WFRD,Weatherford International,Energy,53.85716645599382,True,9,12,0.75,-0.046107767166348346,0.18820301783264748,17,0.20306513409961685,0.17540815027634324,0.0951281459247287,0.4856308420457932,0.25367863449087696,0.859329017068864,-0.17931504570341128,,,,431000000.0,4331000000.0,0001603923,8.136482939632545,84.07310704960835,20.930232558139537,55.188679245283026,37.267080745341616,94.04388714733543,83.6734693877551,30.144927536231876,99.20212765957447,,,,46.10479499462045,58.22066981677094,64.67352759790317,,,
164,FCN,FTI Consulting,Industrials,53.79561808231858,True,9,12,0.75,0.09691195821121279,0.024388615095445543,15,0.32133041706245447,0.0034168323646029397,0.1026898085623184,0.08359129174677273,0.1562358866513894,0.21052862295246494,-0.025922949914555127,,,,270871000.0,3788857000.0,0000887936,64.04199475065617,33.420365535248045,40.93023255813954,17.452830188679243,41.30434782608695,63.63636363636363,64.28571428571429,71.30434782608695,87.5,,,,48.73118014295211,45.52189769899674,79.40217391304347,,,
165,AYI,Acuity Brands,Industrials,53.616886653722666,True,9,12,0.75,0.027232300370608975,0.13137203853163237,18,0.47829988954344627,0.3622119034660162,0.12976343888070693,-0.02073155412947822,0.1455466255642409,0.32911299497229257,0.0065011140263633305,,,,396600000.0,4345600000.0,0001144215,24.671916010498688,73.89033942558747,67.44186046511628,87.26415094339622,48.75776397515528,20.06269592476489,60.96938775510205,61.73913043478261,54.78723404255319,,,,49.28112771804308,56.89917181270694,58.263182238667895,,,
166,AVAV,AeroVironment,Industrials,53.49906961302512,True,8,12,0.75,-0.08995683843574764,1.1967885014878448,30,0.31540879699440283,-0.0726433675788945,0.2592071970761878,0.1394282632918516,,0.07259923407808047,0.018232176112024545,,,,,117381000.0,0001368622,4.986876640419948,96.60574412532638,40.46511627906977,4.716981132075472,82.6086956521739,74.29467084639498,,84.05797101449275,45.47872340425532,,,,50.796310382873166,50.52136597742853,64.76834720937404,,,
167,CNM,Core & Main,Industrials,53.20751074891728,True,9,12,0.75,0.14525778748385298,0.02768445101464856,7,0.2692559173532104,0.03644387840366778,0.09441611089316072,0.048679905522845,0.22083124687030545,1.0756134201301952,-0.052137284237844694,,,,441000000.0,7647000000.0,0001856525,77.95275590551181,35.50913838120104,31.16279069767442,28.77358490566038,36.64596273291926,49.843260188087775,77.29591836734694,23.768115942028984,94.41489361702128,,,,56.730947143356424,44.74430337833776,59.09150477952513,,,
168,CXT,Crane NXT,Information Technology,53.20108919971086,True,8,12,0.75,0.053470369460134615,0.11427226257734735,5,0.21411047505761654,,0.14891048469849702,0.08415693477655813,0.11580207501995211,0.43391859537110933,-0.0011690762414696687,,,,145100000.0,1656700000.0,0000025445,39.37007874015748,69.45169712793734,22.790697674418606,,58.07453416149069,64.57680250783699,48.97959183673469,53.04347826086956,63.03191489361702,,,,54.41088793404741,48.605406545120246,58.037696577243295,,,
169,LIVN,LivaNova,Health Care,53.19601501738193,True,9,12,0.75,0.04123601888688255,0.10739749983445512,25,0.677113914238145,0.5471269109692702,0.1436472526625424,0.1590640290171977,-0.20206135566468636,0.31338922838330746,0.07213814946237096,,,,-242471000.0,1388053000.0,0001639691,32.808398950131235,67.88511749347258,85.11627906976744,94.81132075471697,55.590062111801245,78.99686520376176,4.336734693877551,62.89855072463768,21.54255319148936,,,,50.346758221801906,63.770252366784995,42.220551958063524,,,
170,LNTH,Lantheus Holdings,Health Care,52.924988471064886,True,9,12,0.75,0.3996126014690633,0.005019199301132371,18,0.6110187472958448,0.12229592621888957,0.2016282987450125,-0.4366331702177033,0.2143142254933717,0.5124348846620058,0.12273227698001299,,,,233559000.0,1541609000.0,0001521036,96.8503937007874,23.759791122715406,80.0,47.64150943396226,73.29192546583852,3.1347962382445136,75.76530612244898,46.37681159420289,14.893617021276597,,,,60.3050924117514,55.96670745209885,30.635214307739744,,,
171,CRS,Carpenter Technology,Industrials,52.812999558814376,True,9,12,0.75,0.060553880114193825,0.04254085589013301,18,0.2671439991658267,0.21557524082136742,0.18136317820027112,0.15655231927726265,0.1992580816110228,0.3685214626391097,0.005482015216574654,,,,376000000.0,2877100000.0,0000017843,44.35695538057743,43.60313315926893,30.23255813953488,60.84905660377359,67.70186335403726,78.36990595611285,74.74489795918367,58.84057971014493,56.11702127659575,,,,43.980044269923184,62.379656402528454,57.47880049337034,,,
172,HR,Healthcare Realty Trust,Real Estate,52.777964416998714,True,5,12,0.75,0.30809075703996824,0.472829775016965,6,,,,,-0.05329796467017971,0.8471981048726925,0.037420033424027555,,,,-246071000.0,28215000.0,0001360604,92.91338582677166,94.25587467362925,,,,,7.653061224489796,30.434782608695656,35.1063829787234,,,,93.58463025020046,7.653061224489796,32.77058279370953,,,
173,KEX,Kirby Corporation,Industrials,52.76312316043637,True,7,12,0.75,0.07391359900268935,0.03006054118404977,10,,,0.14752575021179828,0.11544755169631857,0.10488618292140363,0.26975913707746046,0.0031283039369187637,,,,354569000.0,3364050000.0,0000056047,52.23097112860893,36.81462140992167,,,57.453416149068325,72.10031347962382,44.89795918367347,67.2463768115942,58.77659574468085,,,,44.5227962692653,58.1505629374552,63.011486278137525,,,
174,HL,Hecla Mining,Materials,52.47004448813548,True,9,12,0.75,0.062237611945209714,0.4562783074484802,6,0.2848502299688679,-0.2699574261025173,0.16942149400037465,-0.24437861235721298,0.12413423746916052,0.19493364448693995,0.07566567392803947,,,,321712000.0,645957000.0,0000719413,45.40682414698163,93.99477806788512,34.883720930232556,0.9433962264150944,65.21739130434783,5.956112852664576,52.295918367346935,72.7536231884058,20.47872340425532,,,,69.70080110743338,31.859307936201397,46.61617329633056,,,
175,ATI,ATI Inc.,Industrials,52.450607482464086,True,9,12,0.75,0.043220357763041006,0.051649434905206126,30,0.2195143218380782,0.18847367869381737,0.13970876749356934,0.3125537875918275,0.22405098365198114,0.017234691050152396,0.019844843120533806,,,,404300000.0,4587400000.0,0001018963,33.59580052493438,47.51958224543081,23.25581395348837,57.54716981132076,54.347826086956516,90.59561128526646,77.8061224489796,88.98550724637681,43.88297872340425,,,,40.55769138518259,60.71050871720233,66.43424298489053,,,
176,UFPI,UFP Industries,Industrials,52.318745196311035,True,9,12,0.75,0.11062392849303637,0.21622913550499878,8,0.03277164058904156,-0.08884291285805712,0.04604430853485071,0.03002559526764986,0.013048437495407952,0.07502647468830402,0.07422886752954372,,,,39959000.0,3941182000.0,0000912767,68.24146981627297,87.46736292428199,1.3953488372093024,2.8301886792452833,19.25465838509317,43.260188087774296,16.3265306122449,83.47826086956522,21.010638297872347,,,,77.85441637027748,16.61338292031339,52.24444958371878,,,
177,GXO,GXO Logistics,Industrials,52.08914651895147,True,6,12,0.75,0.13716768259224632,0.1254590485950977,7,,,0.018591592047351647,-0.006022782747528564,0.010727455581629233,,-0.00032066982660461374,,,,32000000.0,13178000000.0,0001852244,76.11548556430446,71.54046997389034,,,8.695652173913043,24.137931034482758,15.306122448979592,,61.43617021276596,,,,73.8279777690974,16.046568552458464,61.43617021276596,,,
178,EWBC,East West Bancorp,Financials,51.82560028278315,True,5,12,0.75,0.019163220166943162,0.044466683030909504,4,,,,,0.14891087987439772,0.016499794026475632,-0.008455593471065503,,,,1325188000.0,55316000.0,0001069157,20.47244094488189,44.38642297650131,,,,,61.98979591836735,89.27536231884058,71.01063829787233,,,,32.4294319606916,61.98979591836735,80.14300030835645,,,
179,ALGM,Allegro MicroSystems,Information Technology,51.81699168244153,True,8,12,0.75,0.05376557163883833,0.22770846034377645,7,0.4628377163811544,0.060929669944435716,0.020769669788427314,-0.06049304962383778,-0.015603086472122982,0.3008922782684837,,,,,-14897000.0,890096000.0,0000866291,39.63254593175853,88.77284595300262,65.58139534883722,36.32075471698113,9.937888198757763,12.852664576802509,10.96938775510204,64.05797101449275,,,,,64.20269594238057,27.13241811929613,64.05797101449275,,,
180,BCO,Brink's,Industrials,51.74947512383691,True,7,12,0.75,0.06359636331931484,0.049741614956403835,22,,,0.11128639854025697,0.08841014878855201,0.7191213539791141,14.307526107310046,-0.009523572221550203,,,,199700000.0,5261200000.0,0000078890,45.93175853018373,46.21409921671018,,,44.409937888198755,65.51724137931035,96.68367346938776,0.5797101449275317,72.34042553191489,,,,46.072928873446955,68.87028424563228,36.46006783842121,,,
181,LECO,Lincoln Electric,Industrials,51.666048653628856,True,9,12,0.75,0.05886920561330489,0.05596195246802549,7,0.3624500148003675,0.28222617893068935,0.16963347297415096,0.04613150578636377,0.3541537113364186,0.7825776945612787,0.015861995030079123,,,,520533000.0,4233003000.0,0000059527,42.78215223097113,48.56396866840731,50.23255813953489,76.41509433962264,65.527950310559,48.589341692789965,92.09183673469387,35.07246376811595,46.54255319148937,,,,45.67306044968922,66.57135624344008,40.807508479802664,,,
182,CROX,Crocs,Consumer Discretionary,51.639415619560076,True,9,12,0.75,0.16322594673898827,-0.014982784461062493,25,0.5833360350458726,0.5073676367570047,0.037002737432891314,0.0753970601644495,-0.06278440217647646,0.9517522460281315,-0.036777964248086104,,,,-81198000.0,4040647000.0,0001334036,80.83989501312337,16.710182767624023,77.67441860465117,92.9245283018868,15.527950310559005,60.81504702194357,6.887755102040815,27.53623188405797,92.02127659574468,,,,48.77503889037369,50.765939868216265,59.778754239901325,,,
183,EXPO,"Exponent, Inc.",Industrials,51.62823656267688,True,6,12,0.75,0.06576753527362511,0.04207593721912084,9,,,0.205814636761315,0.15465002731735455,0.2715804898793619,,0.07967427226304102,,,,106009000.0,582014000.0,0000851520,46.981627296587924,43.34203655352481,,,74.53416149068323,78.0564263322884,86.4795918367347,,19.946808510638306,,,,45.16183192505636,79.69005988656878,19.946808510638306,,,
184,WMG,Warner Music Group,Communication Services,51.48553678337373,True,7,12,0.75,0.08397677384672164,0.04372860255213196,19,,,0.10347398240644103,0.08653005141445089,0.5641421947449768,6.2998454404945905,0.007310203546384786,,,,365000000.0,6707000000.0,0001319161,56.95538057742782,43.86422976501306,,,41.61490683229814,65.20376175548589,95.1530612244898,1.7391304347826093,53.45744680851064,,,,50.40980517122044,67.32390993742462,27.598288621646624,,,
185,AM,Antero Midstream,Energy,51.3843946063491,True,6,12,0.75,0.9829990541892153,0.07433874558960318,20,,,0.5424561562941235,-1.5922712126841718,0.008959752865178767,1.6341090271449732,,,,,17669000.0,1188426000.0,0001623925,99.47506561679789,56.6579634464752,,,93.7888198757764,0.9404388714733543,14.285714285714285,14.20289855072464,,,,,78.06651453163654,36.33832434432134,14.20289855072464,,,
186,VNOM,Viper Energy,Energy,51.31661755568191,True,7,12,0.75,0.37013371162329944,0.5761124121779859,3,,,-0.10401188707280833,-0.968725973544217,-0.015287769784172662,0.4914568345323741,0.3861857742967978,,,,-68000000.0,1346000000.0,0002074176,95.01312335958005,94.7780678851175,,,2.484472049689441,1.2539184952978055,11.479591836734695,47.82608695652174,5.585106382978722,,,,94.89559562234876,5.072660793907314,26.705596669750232,,,
187,SAIA,Saia,Industrials,51.28519401418814,True,7,12,0.75,0.11137129580365901,0.007856471991608771,22,,,0.10889575009754858,0.0951504496275356,0.09893940293261548,0.03221283788370946,0.03501798736753847,,,,255036000.0,3234286000.0,0001177702,68.50393700787401,25.587467362924283,,,43.47826086956522,67.0846394984326,41.83673469387755,87.53623188405797,36.43617021276596,,,,47.04570218539915,50.799878353958455,61.986201048411964,,,
188,THG,Hanover Insurance,Financials,51.23180230495953,True,7,12,0.75,0.05438342284583508,0.05723538653926319,51,,,0.1414836831250758,-0.12516698290156525,0.18549629007419852,0.2361192776144477,-0.0202708747106376,,,,662500000.0,6594400000.0,0000944695,40.15748031496063,49.08616187989556,,,54.6583850931677,8.77742946708464,72.44897959183673,69.85507246376811,83.24468085106383,,,,44.621821097428096,45.29493138402969,76.54987665741598,,,
189,EXP,Eagle Materials,Materials,51.032580897677185,True,9,12,0.75,0.07430175552784113,0.02130052182960651,25,0.2826503535820377,0.23187510218262225,0.317311978017941,0.024688837713124356,0.28736164488333554,1.1934144184949025,-0.02096787340447015,,,,423809000.0,2308658000.0,0000918646,52.493438320209975,31.853785900783286,34.418604651162795,64.62264150943396,86.0248447204969,39.49843260188088,88.77551020408163,20.57971014492753,84.04255319148936,,,,42.173612110496634,62.66800673741123,52.311131668208446,,,
190,SWX,Southwest Gas Corp,Utilities,51.02501183299393,True,7,12,0.75,0.02764201773051478,0.11843249939700606,6,,,0.2467347688198965,0.15269048108659927,0.11103579569308572,0.8856113638595559,0.04770616035481434,,,,439826000.0,1497750000.0,0001692115,24.93438320209974,70.49608355091384,,,81.36645962732919,77.11598746081505,47.704081632653065,28.695652173913047,29.787234042553195,,,,47.71523337650679,68.72884290693243,29.24144310823312,,,
191,FLEX,Flex Ltd.,Information Technology,50.88827357116983,True,9,12,0.75,0.01757509807619151,3.362925914348234,28,0.09196102314250913,0.07583542852786535,0.04900766640395501,-0.026660262610410955,0.17107309486780714,0.729199066874028,-0.04567655168375517,,,,880000000.0,27914000000.0,0000866374,19.94750656167979,98.17232375979113,6.511627906976744,39.15094339622642,20.496894409937887,18.495297805642632,69.64285714285714,36.52173913043478,93.88297872340425,,,,59.05991516073546,30.859524132328165,65.20235892691952,,,
192,ONTO,Onto Innovation,Information Technology,50.77161858213875,True,9,12,0.75,0.18140845042071496,0.018172407960531656,18,0.4971534812282955,-0.0189434576625781,0.13223106788969652,0.0006562857489551543,0.06510327532422154,0.0,0.054837141403277334,,,,136759000.0,1005263000.0,0000704532,83.2020997375328,30.026109660574413,70.23255813953489,9.90566037735849,50.31055900621118,27.27272727272727,27.806122448979593,93.76811594202898,26.06382978723404,,,,56.61410469905361,37.10552544896228,59.91597286463151,,,
193,ALK,Alaska Air Group,Industrials,50.64390773434204,True,7,12,0.75,0.13861633695781372,0.2133787814230934,4,,,0.021279584240466325,0.014022690191119444,0.02428363283147159,1.2892180670228266,0.03538731624987501,,,,100000000.0,14239000000.0,0000766421,76.64041994750657,86.42297650130548,,,10.248447204968944,34.48275862068966,19.642857142857142,18.26086956521739,36.170212765957444,,,,81.53169822440603,21.458020989505247,27.215541165587418,,,
194,ITT,ITT Inc.,Industrials,50.57602745325261,True,9,12,0.75,-0.04489390122608172,0.08477704024017396,19,0.35353561000380856,0.06827353942968573,0.17379713088739368,0.06525915036913926,0.11947899324258153,0.12836646753501127,-0.06397937775369378,,,,488000000.0,3938500000.0,0000216228,8.398950131233596,59.268929503916446,49.30232558139535,37.735849056603776,66.77018633540372,56.112852664576806,50.51020408163265,77.97101449275362,96.27659574468085,,,,33.83393981757502,52.086283543922455,87.12380511871723,,,
195,MSA,MSA Safety,Industrials,50.50436603378373,True,9,12,0.75,-0.154849334953018,0.09065738774028964,25,0.46855726904580625,0.34955066339280527,0.7277520830356636,0.5934799352676126,0.10418773999626073,0.6962396391127389,0.004922299461420199,,,,86933000.0,510913000.0,0000066570,2.6246719160104988,61.096605744125334,66.51162790697674,85.84905660377359,96.8944099378882,95.92476489028213,44.38775510204081,40.0,56.648936170212764,,,,31.860638830067916,77.9135228881923,48.32446808510638,,,
196,IRT,IRT Living,Real Estate,50.386714570667245,True,7,12,0.75,1.0306077476045292,-6.58138783520279e-05,61,,,1.0404143829428416,0.04041438294284161,0.009614339687208087,0.6593980351081639,0.8690025213528878,,,,33265000.0,167127000.0,0001466085,99.73753280839895,21.409921671018274,,,97.82608695652173,46.08150470219436,15.051020408163266,40.57971014492754,3.9893617021276526,,,,60.57372723970862,52.986204022293116,22.284535923527596,,,
197,NOVT,Novanta,Information Technology,50.07506770567492,True,9,12,0.75,0.10954498416889624,0.03303151451943376,10,0.4438955741382827,0.02167693281048705,0.09587191515398735,0.01022067463397218,0.04095680775964458,0.1908479654748164,0.004511490951216057,,,,53829000.0,980600000.0,0001076930,67.97900262467192,38.38120104438642,62.7906976744186,26.41509433962264,37.577639751552795,31.974921630094045,22.70408163265306,73.6231884057971,57.97872340425532,,,,53.18010183452917,36.29248700566823,65.8009559050262,,,
198,ATR,AptarGroup,Materials,49.92270860369471,True,8,12,0.75,0.04558320888812739,0.05422745325700751,14,0.30830116010457354,0.24146898184395715,0.1326486604692759,0.02910661831807368,0.14721696670584566,,-0.0027985387485607305,,,,392789000.0,3777181000.0,0000896622,35.170603674540686,48.30287206266319,38.604651162790695,67.9245283018868,50.621118012422365,42.31974921630094,61.73469387755102,,65.15957446808511,,,,41.736737868601935,52.24094811419036,65.15957446808511,,,
199,APG,APi Group,Industrials,49.84759292125224,True,9,12,0.75,0.11347213822574309,0.1272442291251068,9,0.3143723928706864,0.10326724265609413,0.07002907344204272,0.026574137819725126,0.0886150234741784,0.8095657276995305,0.20917674679126264,,,,302000000.0,7911000000.0,0001796209,69.29133858267717,72.58485639686684,39.53488372093023,44.81132075471698,27.018633540372672,40.75235109717868,36.734693877551024,32.7536231884058,8.776595744680847,,,,70.938097489772,37.77037659814992,20.765109466543322,,,
200,DAR,Darling Ingredients,Consumer Staples,49.74953591121089,True,9,12,0.75,0.2206114211903194,0.07361139422677354,22,0.24013812532422016,0.005975965048760301,0.04456412669289166,0.0075617021331256945,0.0132584293857326,0.4137717596974062,0.042350970419647416,,,,62804000.0,6135877000.0,0000916540,87.13910761154857,56.39686684073107,26.51162790697674,19.339622641509436,18.32298136645963,31.03448275862069,16.581632653061224,55.072463768115945,32.97872340425532,,,,71.76798722613982,22.358069465325546,44.025593586185636,,,
201,RPM,RPM International,Materials,49.55799041726228,True,7,12,0.75,0.05084261519733202,0.005094149818745786,18,0.41375631320324163,0.27995869613647817,,,0.2386838920396651,0.4787582537475445,-0.0008512282315228381,,,,688688000.0,7372644000.0,0000110621,37.53280839895013,24.02088772845953,59.06976744186046,75.94339622641509,,,81.88775510204081,48.98550724637681,61.96808510638298,,,,30.776848063704833,72.30030625677212,55.47679617637989,,,
202,VVV,Valvoline,Consumer Discretionary,49.53271212164836,True,9,12,0.75,-0.024399930371990952,0.056392835083384885,18,0.38502017189966675,0.2909702678689566,0.2279717008711922,0.17374905211879296,0.6224519940915805,3.172821270310192,-0.0517291293383203,,,,210700000.0,1710300000.0,0001674910,10.236220472440944,48.825065274151434,54.88372093023256,77.35849056603774,77.95031055900621,81.19122257053291,95.40816326530613,5.507246376811594,94.14893617021276,,,,29.530642873296188,77.35838157822312,49.82809127351218,,,
203,GTLS,Chart Industries,Industrials,49.36279179627277,True,9,12,0.75,0.22951092388016825,0.02492608706102928,17,0.33719512195121953,0.2635822122988637,0.08405253283302064,0.057854704364049624,0.01259944896758815,1.1037984088165187,0.029440081692378994,,,,40700000.0,4264000000.0,0000892553,88.18897637795276,33.68146214099217,47.44186046511628,73.11320754716981,31.67701863354037,54.2319749216301,16.071428571428573,22.60869565217392,38.297872340425535,,,,60.93521925947246,44.507098027777026,30.453283996299728,,,
204,IDCC,InterDigital,Information Technology,49.36139618471583,True,7,12,0.75,0.05757736392551238,-0.0397240810762266,18,,,0.5525715964341169,-0.01315087034438267,0.3693003487358326,0.4310774484161581,-0.03205888316707517,,,,406644000.0,834015000.0,0001405495,41.99475065616798,8.616187989556137,,,94.09937888198758,21.630094043887148,92.85714285714286,53.333333333333336,90.42553191489361,,,,25.30546932286206,69.52887192767253,71.87943262411348,,,
205,ILMN,"Illumina, Inc.",Health Care,49.359885773342285,True,9,12,0.75,0.06887747099723551,-0.006633119853613922,19,0.6608335252129864,0.4861045844289998,0.18581625604420907,-0.05897106672476507,0.31215571061329417,0.43481454278369447,0.012774771921294503,,,,850000000.0,4343000000.0,0001110803,49.08136482939632,19.321148825065272,83.72093023255815,91.98113207547169,69.25465838509317,13.479623824451412,90.81632653061224,52.7536231884058,48.40425531914894,,,,34.20125682723079,69.85053420963733,50.578939253777364,,,
206,SLAB,Silicon Labs,Information Technology,49.28720886954587,True,9,12,0.75,0.013042102299034575,0.3428863798927422,10,0.5823190156531135,-0.02187864899814662,-0.08988817020148733,-0.18489179678650566,-0.059307321334261684,0.07538253208554684,-0.020323728649528916,,,,-64907000.0,784764000.0,0001038074,18.37270341207349,92.16710182767625,77.20930232558139,8.018867924528301,3.4161490683229814,6.583072100313479,7.142857142857142,83.18840579710145,83.51063829787233,,,,55.26990261987487,20.474049712320657,83.34952204748689,,,
207,PPC,Pilgrim's Pride,Consumer Staples,48.870115276629214,True,9,12,0.75,0.2298640513678354,0.03463765076874514,25,0.1274840515391414,0.011951680917984778,0.08722986224177869,-0.24685747990036833,0.29411529734650343,0.8714656050868874,0.007389661001885761,,,,1082359000.0,18497553000.0,0000802481,88.4514435695538,39.947780678851174,9.30232558139535,22.169811320754718,32.608695652173914,5.6426332288401255,89.79591836734694,29.565217391304344,53.191489361702125,,,,64.19961212420249,31.903876830102213,41.378353376503235,,,
208,LAMR,Lamar Advertising Company,Real Estate,48.63627238783206,True,7,12,0.75,0.046894039863639936,0.026782166487019365,22,,,0.3415648301528452,0.048925520790813526,0.49118685867351974,2.860114909643342,0.005678489910351026,,,,587152000.0,2266214000.0,0001090425,35.958005249343834,34.46475195822455,,,88.19875776397515,50.470219435736674,94.64285714285714,6.956521739130437,55.851063829787236,,,,35.21137860378419,77.770611447523,31.403792784458837,,,
209,TMHC,Taylor Morrison,Consumer Discretionary,48.62084321188281,True,7,12,0.75,0.09654502122137476,-0.005711951906775314,15,0.230279210193216,0.16477624902429427,,,0.12433814764285063,0.3640536746729311,-0.02126642931610323,,,,782500000.0,8121480000.0,0001562476,63.77952755905512,19.843342036553523,25.116279069767444,54.71698113207547,,,52.55102040816326,59.42028985507246,84.57446808510639,,,,41.811434797804324,44.12809353666872,71.99737897008943,,,
210,BYD,Boyd Gaming,Consumer Discretionary,48.47275442177267,True,7,12,0.75,0.047971808048989706,0.04116717902475053,4,,,0.18289540856537004,-0.09308770096141153,0.7066412523064031,0.7841938984833807,-0.008075327175130265,,,,1843273000.0,4091989000.0,0000906553,36.48293963254593,42.81984334203655,,,68.32298136645963,10.9717868338558,96.42857142857143,34.492753623188406,69.9468085106383,,,,39.651391487291235,58.574446542962285,52.219781066913356,,,
211,OLED,Universal Display,Information Technology,48.35734377436834,True,8,12,0.75,0.08625738073145262,0.004519179105860305,9,0.7631057575110166,-0.07392262799798288,0.38206854787269195,-0.05367151034635348,0.13746302566866114,,0.001755654691327324,,,,242075000.0,650611000.0,0001005284,58.79265091863517,23.237597911227155,91.16279069767442,4.245283018867925,90.6832298136646,14.733542319749215,57.90816326530612,,59.840425531914896,,,,41.015124414931165,51.74660182305246,59.840425531914896,,,
212,CUBE,CubeSmart,Real Estate,48.313659976636416,True,5,12,0.75,0.09114344141121067,0.053345850945995865,15,,,0.3501519832970446,,0.01546088665951079,,0.057252013430939996,,,,42045000.0,1123110000.0,0001298675,61.417322834645674,47.78067885117493,,,88.50931677018633,,17.857142857142858,,25.531914893617028,,,,54.5990008429103,53.183229813664596,25.531914893617028,,,
213,KNF,Knife River Corporation,Materials,48.30487402842916,True,9,12,0.75,0.12686491410558287,0.11662824704337238,3,0.19041284646775133,0.034755647722164884,0.10472097090465843,0.01899508449279265,0.09572196424000877,0.7102867868416883,7.914004222515203,,,,157074000.0,2830350000.0,0001955520,72.70341207349081,69.9738903394256,18.13953488372093,28.30188679245283,42.2360248447205,37.30407523510972,40.56122448979592,38.84057971014493,0.26595744680849975,,,,71.3386512064582,33.30854924915998,19.553268578476715,,,
214,WH,Wyndham Hotels & Resorts,Consumer Discretionary,48.26289263601267,True,6,12,0.75,0.01328139226362235,0.017806267806267817,22,,,0.2813156053184045,0.04884909625615075,0.41239316239316237,,0.004151236584132745,,,,193000000.0,1429000000.0,0001722684,18.635170603674542,29.765013054830288,,,83.85093167701864,50.15673981191222,93.87755102040816,,58.244680851063826,,,,24.200091829252415,75.96174083644634,58.244680851063826,,,
215,WCC,WESCO International,Industrials,48.228287283665175,True,9,12,0.75,0.13815390211723844,0.07755238601572945,16,0.1869655431148838,-0.008059407593000445,0.05244376012828093,0.04126480566293549,0.12723586930598615,1.1490182049447493,0.013983729464149164,,,,640200000.0,23510900000.0,0000929008,76.37795275590551,57.44125326370757,16.74418604651163,12.735849056603774,21.11801242236025,46.39498432601881,54.08163265306123,21.449275362318843,47.87234042553191,,,,66.90960300980655,30.21493290091114,34.66080789392538,,,
216,WBS,Webster Bank,Financials,48.05689201225284,True,7,12,0.75,0.03581115439113858,-0.031469399549855726,12,,,6.17795324561809,4.055336342770474,0.10564444457554574,0.023947992864905593,0.05401803230793534,,,,1002802000.0,237967000.0,0000801337,29.133858267716533,11.488250652741515,,,98.75776397515527,99.05956112852664,45.40816326530612,88.40579710144928,27.127659574468083,,,,20.311054460229023,81.07516278966268,57.76672833795868,,,
217,FR,First Industrial Realty Trust,Real Estate,48.0031593681257,True,5,12,0.75,0.07538204556519745,0.08576983786835046,22,,,,,0.09262705932117736,0.4884532022654873,0.03065083738997254,,,,247443000.0,727076000.0,0000921825,53.018372703412076,59.530026109660575,,,,,39.54081632653062,48.1159420289855,37.5,,,,56.274199406536326,39.54081632653062,42.80797101449275,,,
218,ORA,Ormat Technologies,Utilities,47.96053480712104,True,9,12,0.75,-0.0915000408274842,0.12856486753446128,22,0.41833071322652216,0.3407880296117653,0.2965459187655395,0.255869562103511,0.04870313525106498,1.045844973727792,0.01806503189176656,,,,123898000.0,179382000.0,0001296445,4.724409448818897,72.84595300261097,60.0,84.43396226415094,85.09316770186336,89.34169278996865,23.46938775510204,24.637681159420282,45.74468085106383,,,,38.785181225714936,68.467642102217,35.19118100524206,,,
219,ENTG,Entegris,Information Technology,47.908489107224334,True,9,12,0.75,0.11759231042606655,-0.013760335678143942,31,0.44419070262153537,0.3320462592170411,0.14262028405180505,0.010279630414768454,0.38734837349853185,6.079199260815668,0.00894770294985836,,,,235600000.0,3196600000.0,0001101302,70.86614173228347,17.4934725848564,63.25581395348837,83.9622641509434,54.96894409937888,32.288401253918494,93.62244897959184,2.318840579710141,51.861702127659576,,,,44.17980715856993,65.61957448746419,27.09027135368486,,,
220,RS,"Reliance, Inc.",Materials,47.88939476819874,True,9,12,0.75,0.049376885173491925,0.033198409830140996,18,0.3296940162129235,0.25988638325335145,0.07084642130079823,0.002705283557767668,0.10312269006011074,0.19817017893753225,-0.021916082238803702,,,,739400000.0,14294300000.0,0000861884,37.270341207349084,38.642297650130544,44.18604651162791,72.16981132075472,27.32919254658385,28.84012539184953,43.36734693877551,72.46376811594203,85.37234042553192,,,,37.95631942873982,43.17850454191831,78.91805427073697,,,
221,WTFC,Wintrust Financial,Financials,47.563288919616674,True,4,12,0.75,0.08432920592294568,0.059395713522266025,9,,,,,0.1134972236821531,,0.04448515828855126,,,,823844000.0,265635000.0,0001015328,57.21784776902887,50.391644908616186,,,,,48.214285714285715,,31.914893617021278,,,,53.804746338822525,48.214285714285715,31.914893617021278,,,
222,RMBS,Rambus,Information Technology,47.508145396917506,True,6,12,0.75,-0.03658041238465193,0.027810841890774096,34,,,0.154272703182813,0.7768462852283728,0.16890265129999818,,0.001081312749529495,,,,230455000.0,101891000.0,0000917273,8.661417322834646,35.77023498694517,,,59.3167701863354,97.17868338557993,68.62244897959184,,60.638297872340424,,,,22.215826154889907,75.03930085050239,60.638297872340424,,,
223,AIT,Applied Industrial Technologies,Industrials,47.32747012370191,True,9,12,0.75,0.07317469150178635,0.0187565047687126,9,0.3030967536656686,0.01868378493241557,0.10924450587979552,0.041625702805014875,0.2130570554941123,0.31027042265738514,-0.0052258177623421,,,,392988000.0,4563424000.0,0000109563,51.44356955380578,30.548302872062667,37.67441860465116,24.056603773584907,43.7888198757764,47.64890282131661,75.25510204081633,63.188405797101446,66.48936170212767,,,,40.995936212934225,45.68476942322908,64.83888374961455,,,
224,CHRD,Chord Energy,Energy,47.20181546236197,True,7,12,0.75,0.23980526114172807,-0.07121503720566547,20,,,0.04047978256046696,0.042895114668631835,0.005502382810595209,0.18311750289667492,-0.03185016600085466,,,,44459000.0,4877126000.0,0001486159,90.02624671916011,4.43864229765013,,,16.77018633540373,47.96238244514107,13.520408163265307,74.4927536231884,90.15957446808511,,,,47.23244450840512,26.084325647936698,82.32616404563676,,,
225,STAG,STAG Industrial,Real Estate,47.16390825758689,True,5,12,0.75,0.14480666097648376,0.10138340126976852,10,,,,,0.07606842289547756,0.9050581848248058,0.19430344631608376,,,,273519000.0,845184000.0,0001479094,77.69028871391076,65.53524804177546,,,,,29.846938775510207,28.1159420289855,9.840425531914903,,,,71.61276837784311,29.846938775510207,18.978183780450202,,,
226,JAZZ,Jazz Pharmaceuticals,Health Care,47.06098553483431,True,9,12,0.75,0.12419856257879847,0.04881750820236186,19,0.9183026128558699,0.677063020470793,-0.10081577735047402,-0.4984399277886876,-0.08246869807325735,1.2407439568154748,0.029090139140976135,,,,-356148000.0,4267586000.0,0001232524,71.91601049868767,45.69190600522193,97.67441860465115,98.11320754716981,2.7950310559006213,2.8213166144200628,6.377551020408164,18.840579710144922,38.829787234042556,,,,58.803958251954796,41.55630496850996,28.83518347209374,,,
227,SNX,TD Synnex,Information Technology,47.03441460519978,True,9,12,0.75,0.17875009549453558,0.069383763578305,9,0.06989466930726371,-0.02248504420991891,0.022635775473912288,-0.007614843327637615,0.09794295650552179,0.25494681985967815,0.05688448504088295,,,,827660000.0,62508086000.0,0001177394,82.1522309711286,54.04699738903395,3.255813953488372,7.547169811320755,10.869565217391305,23.824451410658305,41.58163265306122,68.69565217391303,25.797872340425528,,,,68.09961418008128,17.41572660918399,47.24676225716928,,,
228,MMS,Maximus Inc.,Industrials,46.91673078946925,True,9,12,0.75,0.104576206717365,0.023572249579124183,18,0.2455119202191161,0.17917834738788785,0.09726793482783788,0.06561096435788752,0.19057785530171115,0.7970400857807632,0.03163938809833566,,,,319034000.0,5431276000.0,0001032220,66.14173228346458,32.637075718015666,27.44186046511628,56.132075471698116,38.19875776397515,57.36677115987461,73.46938775510205,33.04347826086956,37.23404255319149,,,,49.38940400074012,50.52177052315324,35.13876040703053,,,
229,LFUS,Littelfuse,Information Technology,46.77015160816228,True,9,12,0.75,0.06756999506837746,0.13465825638967943,3,0.10174664479786977,0.02125097215836784,0.043310510085729025,0.016059041941268122,-0.029554408553218958,0.3308391391052228,0.006267629801631314,,,,-71700000.0,757853000.0,0000889331,48.031496062992126,74.67362924281984,6.976744186046512,25.943396226415093,18.012422360248447,36.05015673981191,9.948979591836734,61.449275362318836,55.319148936170215,,,,61.35256265290599,19.38633982087174,58.384212149244526,,,
230,CLH,Clean Harbors,Industrials,46.76889779796479,True,7,12,0.75,0.09094350869585122,0.02391954976882671,19,,,0.11165481673605172,0.10369067876697043,0.142397092138138,1.0111095328627726,0.04478075757372757,,,,390974000.0,6030837000.0,0000822818,60.892388451443566,32.89817232375979,,,44.72049689440994,68.3385579937304,59.43877551020408,25.79710144927536,31.38297872340425,,,,46.89528038760167,57.49927679944815,28.590040086339805,,,
231,STWD,Starwood Property Trust,Financials,46.515674281414164,True,7,12,0.75,0.6371824489303943,-0.05267707770991292,51,,,0.5956340185807472,-1.8236384643830688,0.06056111117978385,0.25495047028069684,0.11643009710685437,,,,411544000.0,1844289000.0,0001465128,98.4251968503937,6.7885117493472595,,,95.34161490683229,0.6269592476489028,26.27551020408163,68.40579710144928,15.425531914893625,,,,52.606854299870484,40.74802811952094,41.91566450817145,,,
232,SCI,Service Corp Intl,Consumer Discretionary,46.23379559916478,True,9,12,0.75,0.04741507759217556,0.02934636352800357,29,0.26456534966539297,0.0593591671105603,0.22697467809824207,0.06925184121328357,0.3312113807788821,3.1373423566674865,-0.036688878629685284,,,,542614000.0,4309234000.0,0000089089,36.22047244094488,36.29242819843342,29.767441860465116,35.84905660377358,77.63975155279503,58.620689655172406,91.07142857142857,6.0869565217391255,91.75531914893617,,,,36.25645031968915,58.589673648726944,48.921137835337646,,,
233,AMG,Affiliated Managers Group,Financials,46.23307375454417,True,7,12,0.75,-0.006239104598863787,0.01641432701259249,19,,,0.46349942062572425,0.3259344885196457,0.22128211462450592,0.8310585474308301,0.022508843835935766,,,,716600000.0,2074400000.0,0001004434,13.910761154855644,29.242819843342037,,,91.30434782608695,90.9090909090909,77.55102040816327,30.72463768115942,42.28723404255319,,,,21.57679049909884,86.58815304778038,36.5059358618563,,,
234,GHC,Graham Holdings,Consumer Discretionary,45.8786267877854,True,7,12,0.75,0.07879137488887933,0.0251850172744017,22,,,0.0478354853638241,0.003720315070217209,0.0609698530983881,0.18371952586813795,-0.04419633118092836,,,,292291000.0,4911563000.0,0000104889,54.59317585301837,33.94255874673629,,,20.18633540372671,29.46708463949843,26.53061224489796,74.20289855072464,93.35106382978724,,,,44.26786729987733,25.394677429374365,83.77698119025594,,,
235,SAM,Boston Beer Company,Consumer Staples,45.72114093669175,True,8,12,0.75,0.10205585051710986,-0.023812102382303135,26,0.4847750171247342,-0.030383287959194816,0.07373152284434456,-0.05702527207100361,0.12817152715413338,,-0.016857325356206432,,,,108469000.0,1964994000.0,0000949870,65.09186351706036,13.838120104438643,67.90697674418604,6.132075471698113,28.26086956521739,14.106583072100312,54.59183673469388,,79.52127659574468,,,,39.4649918107495,34.199668317579146,79.52127659574468,,,
236,LSCC,Lattice Semiconductor,Information Technology,45.632772668375395,True,9,12,0.75,0.022619569460816003,0.02721039024265748,22,0.6821496688083598,0.5335033617839554,0.021465346231906768,0.08398437192889123,0.004319001083951634,0.0,0.010735182713641489,,,,3084000.0,523262000.0,0000855658,22.57217847769029,34.72584856396867,85.5813953488372,94.33962264150944,10.559006211180124,64.26332288401254,12.755102040816327,93.76811594202898,50.53191489361702,,,,28.649013520829477,53.499689825271126,72.150015417823,,,
237,AN,AutoNation,Consumer Discretionary,45.586049339100335,True,9,12,0.75,0.04423321437632244,0.032355204854027875,18,0.17908973124778332,0.011021869599736306,0.04487286203377317,0.14164218228425093,0.2772628251676562,0.5760967066763487,-0.09060237938907256,,,,649100000.0,27631400000.0,0000350698,34.120734908136484,37.85900783289817,15.813953488372093,21.69811320754717,18.633540372670808,74.92163009404389,87.5,44.05797101449276,98.13829787234043,,,,35.98987137051733,43.71344743252679,71.0981344434166,,,
238,NSA,National Storage Affiliates Trust,Real Estate,45.50727512209047,True,6,12,0.75,0.1593112849138545,-0.022595364354469183,19,,,0.32316513247777107,0.23992809179370808,0.07799263877349535,,1.781457403694187,,,,73784000.0,752929000.0,0001618563,80.31496062992126,14.621409921671018,,,86.33540372670807,88.40125391849529,31.63265306122449,,2.1276595744680833,,,,47.46818527579614,68.78977023547596,2.1276595744680833,,,
239,AHR,American Healthcare REIT,Real Estate,45.36421351801852,True,5,12,0.75,,0.11185275703658237,10,,,0.19821380315931297,-0.0032250392158414687,0.021021863870738094,,5.125465903900819,,,,69806000.0,2094506000.0,0001632970,,68.9295039164491,,,71.73913043478261,26.01880877742947,18.622448979591837,,1.3297872340425556,,,,68.9295039164491,38.793462730601306,1.3297872340425556,,,
240,KBR,"KBR, Inc.",Industrials,45.03426232441706,True,9,12,0.75,0.08027656236196057,0.009857328145265853,9,0.14770100179809914,0.1321172089426688,0.09992293860775751,0.09344967080627106,0.2761144377910845,1.727212242182302,-0.014298021334296362,,,,415000000.0,7786000000.0,0001357615,55.38057742782152,26.631853785900784,11.627906976744185,50.943396226415096,39.44099378881988,66.4576802507837,87.24489795918367,12.173913043478251,76.32978723404256,,,,41.006215606861154,51.14297504038931,44.2518501387604,,,
241,FHN,First Horizon,Financials,44.98897754841732,True,5,12,0.75,0.05932728607308402,0.07178683385579943,16,,,,,0.11099807844467051,0.364877359556912,1.587476851277116,,,,982000000.0,3419000000.0,0000036966,43.044619422572175,55.61357702349869,,,,,47.44897959183674,59.130434782608695,2.3936170212765973,,,,49.32909822303543,47.44897959183674,30.762025901942646,,,
242,TXNM,TXNM Energy,Utilities,44.96777395392338,True,9,12,0.75,0.05881918420519927,0.09048933941144144,10,0.3424941040322362,-0.05872172354852084,0.20645516639805628,0.15668661707800624,0.0025787172688276033,1.5918141443435376,0.01438255360330487,,,,8778000.0,2136924000.0,0001108426,42.51968503937008,60.835509138381205,48.372093023255815,5.188679245283019,74.84472049689441,78.68338557993731,12.5,14.782608695652172,47.340425531914896,,,,51.67759708887564,43.91777566907412,31.061517113783534,,,
243,VMI,Valmont Industries,Industrials,44.87951408841858,True,9,12,0.75,0.05560929761518896,0.007133192017539036,23,0.30212114611186563,0.23663493773299382,0.10125869191360254,0.0039527731516362935,0.21452461343702517,0.4873036103300675,-0.01713728832731909,,,,350273000.0,4104102000.0,0000102729,41.20734908136483,25.06527415143603,37.2093023255814,65.56603773584906,40.37267080745342,29.780564263322884,76.0204081632653,48.40579710144928,79.7872340425532,,,,33.136311616400434,49.789796659094414,64.09651557200124,,,
244,GATX,GATX,Industrials,44.81987954301382,True,5,12,0.75,0.014943509521954113,0.09769788710186056,48,,,,,0.12117796764224686,4.546664242864933,-0.016372894943735616,,,,333300000.0,1740400000.0,0000040211,19.160104986876643,63.9686684073107,,,,,51.275510204081634,4.05797101449275,79.25531914893617,,,,41.564386697093674,51.275510204081634,41.65664508171446,,,
245,TTMI,TTM Technologies,Information Technology,44.78589875450614,True,9,12,0.75,0.01552300879508417,0.1897825936556008,10,0.20702497466749473,0.03981022144854707,0.09107108756875044,0.0226034917799183,0.10069382773075149,0.5198748420346,0.01701686926348156,,,,177448000.0,2906345000.0,0001116942,19.42257217847769,84.85639686684074,21.86046511627907,30.660377358490564,34.78260869565217,38.87147335423197,42.09183673469388,46.08695652173913,46.27659574468085,,,,52.13948452265922,33.653352251869535,46.18177613320999,,,
246,VNO,Vornado Realty Trust,Real Estate,44.67522967205378,True,7,12,0.75,-0.479230297757128,0.0025256065883463297,9,,,1.0727691625400015,0.7833875954520231,0.1511602249442809,0.37833009589379973,0.012147136028159755,,,,904955000.0,543417000.0,0000899689,0.26246719160104987,22.715404699738905,,,98.13664596273291,97.4921630094044,62.5,57.391304347826086,48.93617021276596,,,,11.488935945669978,86.04293632404578,53.16373728029602,,,
247,AMKR,Amkor Technology,Information Technology,44.44716975501,True,9,12,0.75,0.06500569099149067,0.0617771489968173,14,0.13992272786699902,0.09767288737248336,0.06967595763911674,0.052212365895315214,0.0836247228314426,0.3232412740829674,0.018939249976887673,,,,373895000.0,6707981000.0,0001047127,46.45669291338583,50.91383812010444,10.232558139534884,42.924528301886795,26.70807453416149,50.78369905956113,33.92857142857143,62.608695652173914,44.946808510638306,,,,48.68526551674513,32.915486292743154,53.777752081406106,,,
248,CR,Crane,Industrials,44.42552280336903,True,9,12,0.75,0.02813037113061778,0.0815503003003002,5,0.10440127627627628,0.005641811156250509,0.1840347071583514,0.07656464074698877,0.17786618795788656,0.5570811702488963,0.007532556229771448,,,,366600000.0,2305000000.0,0001944013,25.196850393700785,57.96344647519582,7.441860465116279,18.867924528301888,68.94409937888199,61.75548589341693,70.66326530612244,45.507246376811594,52.92553191489361,,,,41.580148434448304,45.534527114367904,49.2163891458526,,,
249,AFG,American Financial Group,Financials,44.36072469935207,True,7,12,0.75,0.03860736214966365,-0.0180201826045171,51,,,0.13126988010765842,0.0576616807132955,0.17468879668049792,0.3775933609958506,-0.018997630655648412,,,,842000000.0,8174000000.0,0001042046,31.496062992125985,15.926892950391643,,,49.68944099378882,53.91849529780565,70.1530612244898,57.971014492753625,81.91489361702128,,,,23.711477971258816,57.92033250536142,69.94295405488745,,,
250,R,Ryder,Industrials,44.3458143644386,True,5,12,0.75,0.04493580259668262,0.0022950300728079576,48,,,,,0.16349934469200525,2.812581913499345,-0.018819233858162754,,,,499000000.0,12665000000.0,0000085961,34.645669291338585,22.193211488250654,,,,,66.58163265306123,7.246376811594203,81.64893617021276,,,,28.41944038979462,66.58163265306123,44.44765649090348,,,
251,BAH,Booz Allen Hamilton,Industrials,44.0125646061596,True,7,12,0.75,0.07584260102895635,-0.06368948247078465,22,,,0.09209235981100115,0.06985960310305549,0.7701357466063349,3.565610859728507,-0.023373653080572043,,,,851000000.0,11217000000.0,0001443646,53.28083989501312,5.483028720626632,,,35.09316770186335,58.93416927899686,97.1938775510204,4.637681159420296,85.90425531914894,,,,29.38193430781988,63.7404048439602,45.27096823928462,,,
252,MZTI,The Marzetti Company,Consumer Staples,43.9232629240559,True,8,12,0.75,0.05955447040260209,0.019961437343162247,18,0.2386678274096679,0.17835540697503507,0.1154022634488524,-0.029670050549160637,0.16759923685146144,,0.0003845813346821103,,,,167347000.0,1909122000.0,0000057515,44.09448818897638,31.070496083550914,26.046511627906977,55.660377358490564,45.65217391304348,17.55485893416928,67.3469387755102,,61.17021276595745,,,,37.582492136263646,42.452172121824105,61.17021276595745,,,
253,KRG,Kite Realty Group Trust,Real Estate,43.914702983214546,True,7,12,0.75,0.2783617709446895,0.008222295723236073,42,,,0.1330063201584756,-0.05974504758722232,0.09717013452264098,0.9843405586071619,0.0828311721001258,,,,298663000.0,844365000.0,0001286043,92.1259842519685,26.109660574412537,,,51.24223602484472,13.166144200626958,40.816326530612244,26.66666666666667,19.68085106382979,,,,59.117822413190524,35.074902252027975,23.17375886524823,,,
254,GBCI,Glacier Bancorp,Financials,43.89388056694409,True,4,12,0.75,0.11584997453207424,0.0751082320154024,5,,,,,0.056724763581556974,,0.0477508778484792,,,,239028000.0,101072000.0,0000868671,69.5538057742782,57.180156657963444,,,,,25.255102040816325,,29.52127659574468,,,,63.36698121612082,25.255102040816325,29.52127659574468,,,
255,ARW,Arrow Electronics,Information Technology,43.84122354627783,True,9,12,0.75,0.030769177547813387,0.10491626999708203,22,0.11236269742246564,0.07730852137790954,0.026649749853620085,0.01579738315134923,0.08675641394794488,0.46851798529685124,-0.02139174965508328,,,,571266000.0,30852935000.0,0000007536,25.72178477690289,66.84073107049609,8.372093023255815,39.62264150943396,11.801242236024844,35.73667711598746,35.204081632653065,50.43478260869565,84.84042553191489,,,,46.28125792369949,26.14734710347103,67.63760407030527,,,
256,NEU,NewMarket Corporation,Materials,43.72913063752761,True,9,12,0.75,0.03216862980180335,-0.022030404534913672,22,0.31462268945522276,0.24172023899409928,0.1995197362071857,0.026420208577591225,0.23548356439474244,0.49677743705444083,-0.029646845960776602,,,,418747000.0,2725169000.0,0001282637,27.034120734908136,15.404699738903393,40.0,68.86792452830188,72.04968944099379,40.12539184952978,80.61224489795919,47.53623188405797,89.62765957446808,,,,21.219410236905766,60.331050143356926,68.58194572926303,,,
257,EPR,EPR Properties,Real Estate,43.68667139089393,True,7,12,0.75,0.05938621426504831,0.029064503744620884,51,,,0.576734130801259,0.01862596482686596,0.13257160050687894,1.412534934721014,0.05421535318784265,,,,274936000.0,718357000.0,0001045450,43.30708661417323,36.0313315926893,,,94.72049689440993,36.677115987460816,56.88775510204081,15.94202898550725,26.59574468085107,,,,39.669209103431264,62.76178932797052,21.26888683317916,,,
258,BLKB,Blackbaud,Information Technology,43.61829013985414,True,9,12,0.75,0.045819857294498556,-0.022742468543872296,9,0.5878346102546606,0.046819983507485285,0.1690534534481307,0.08258658715864209,1.3517294895007876,13.046970160133561,-0.04168341231591921,,,,114970000.0,1128365000.0,0001280058,35.69553805774278,14.360313315926893,78.13953488372093,33.9622641509434,64.90683229813664,63.322884012539184,98.21428571428571,0.8695652173912976,92.81914893617021,,,,25.027925686834838,67.70916021192518,46.84435707678075,,,
259,SHC,Sotera Health,Health Care,43.61248666448707,True,8,12,0.75,0.06932074806197974,0.05740971119760174,7,0.5547650128865426,0.04671248483599311,0.27046066077145436,0.03457394477676318,0.12862128424925953,3.5322992896449876,,,,,77949000.0,1163617000.0,0001822479,49.60629921259843,49.60835509138381,75.81395348837209,33.490566037735846,82.91925465838509,44.827586206896555,55.10204081632652,4.927536231884062,,,,,49.607327151991115,58.43068024154322,4.927536231884062,,,
260,BRKR,Bruker,Health Care,43.591931070625115,True,9,12,0.75,0.08678536193261377,0.02082343155893529,15,0.45910082933216934,0.314019001369091,0.01984577331587371,-0.03412104247210976,-0.0035009159373091798,0.7541217178913088,-0.005485731834057983,,,,-8600000.0,3436500000.0,0001109354,59.055118110236215,31.33159268929504,65.11627906976744,81.13207547169812,9.316770186335404,16.614420062695924,11.73469387755102,35.652173913043484,66.75531914893617,,,,45.19335539976563,36.782847733609586,51.203746530989825,,,
261,DINO,HF Sinclair,Energy,43.39406055320262,True,7,12,0.75,0.19160863485165702,-0.059867039888033546,6,,,0.034500725743421785,0.10010931142520724,0.06304442508710802,0.3015026132404181,0.0285504001833099,,,,579000000.0,26869000000.0,0001915657,83.46456692913385,6.005221932114883,,,14.596273291925465,67.7115987460815,27.29591836734694,63.768115942028984,39.62765957446809,,,,44.734894430624365,36.53459680178464,51.69788775824854,,,
262,GAP,Gap Inc.,Consumer Discretionary,43.323167522190595,True,9,12,0.75,-0.001078803576159526,0.01856025454063359,19,0.4079135754262658,0.3111747252071371,0.07256280098919693,-0.004196673102063703,0.21468034727703236,0.39252828203104445,-0.036016465655118624,,,,816000000.0,15366000000.0,0000039911,15.223097112860891,30.287206266318538,58.6046511627907,80.18867924528303,27.95031055900621,25.705329153605017,76.53061224489795,56.231884057971016,91.48936170212767,,,,22.755151689589717,53.795916473116584,73.86062288004933,,,
263,WSO,Watsco,Industrials,42.994208643764004,True,9,12,0.75,0.0889576025331631,-0.04975206466205073,51,0.28047833420128215,0.02051810512733543,0.09950520009558948,0.041508579624443404,0.17868637681492902,0.08840444441887756,0.017927007037747744,,,,496994000.0,7239290000.0,0000105016,60.10498687664042,7.5718015665796345,33.48837209302326,25.471698113207548,39.130434782608695,47.33542319749217,71.42857142857143,81.44927536231884,46.01063829787234,,,,33.838394221610024,43.37089992298062,63.72995683009559,,,
264,BJ,BJ's Wholesale Club,Consumer Staples,42.843259902736854,True,9,12,0.75,0.06329629512931989,0.04660419151407358,22,0.1881598221056891,0.01661163537745114,0.03805721080879146,0.020566554329644035,0.2631786824070522,0.23620543496511515,0.051558732975160115,,,,578377000.0,21457274000.0,0001531152,45.66929133858268,44.90861618798956,17.209302325581397,22.641509433962266,16.149068322981368,37.93103448275862,85.45918367346938,69.56521739130434,27.925531914893625,,,,45.288953763286116,35.878019647750605,48.745374653098985,,,
265,KRC,Kilroy Realty Corp,Real Estate,42.54747803026101,True,5,12,0.75,0.09643482669124981,0.08941418293936287,7,,,,,0.014507434040724933,0.4129473711202041,0.06510554040073258,,,,78642000.0,19080000.0,0001025996,63.51706036745407,60.313315926892955,,,,,17.091836734693878,55.36231884057971,24.202127659574472,,,,61.91518814717351,17.091836734693878,39.782223250077095,,,
266,BBWI,"Bath & Body Works, Inc.",Consumer Discretionary,42.203444528686994,True,9,12,0.75,-0.06706730488703072,-0.0021896811276858053,24,0.4373885612398848,0.2758939443937797,0.1544369770950487,0.07630208159156547,-0.5066354410616706,-2.8243559718969555,-0.02716172603203182,,,,649000000.0,7291000000.0,0000701985,6.299212598425196,20.626631853785902,61.86046511627907,75.0,59.93788819875776,61.442006269592476,1.530612244897959,98.26086956521739,87.76595744680851,,,,13.46292222610555,51.95419436590545,93.01341350601295,,,
267,MP,MP Materials,Materials,42.14856576172587,True,7,12,0.75,0.2058122777629774,0.10098354222363937,7,,,-0.6655379364732825,-0.561178677670538,-0.0433979513401595,0.5047315056876615,0.17745067736424325,,,,-85874000.0,224441000.0,0001801368,85.56430446194226,65.0130548302872,,,0.9316770186335404,2.19435736677116,8.16326530612245,46.95652173913043,10.63829787234043,,,,75.28867964611473,3.763099897175716,28.79740980573543,,,
268,ALV,Autoliv,Consumer Discretionary,42.05960382702906,True,9,12,0.75,0.03519874061089623,0.040904716073147274,22,0.1917706888580675,0.12433481731696469,0.10060101710587148,-0.0043020327830398525,0.2857698289269051,0.7441679626749611,-0.008113589665799115,,,,735000000.0,10815000000.0,0001034670,28.871391076115486,42.55874673629243,19.069767441860467,49.056603773584904,39.75155279503105,25.07836990595611,88.26530612244898,36.23188405797102,70.2127659574468,,,,35.71506890620395,44.244320007776295,53.22232500770892,,,
269,CCK,Crown Holdings,Materials,41.94802820275313,True,9,12,0.75,0.01487247087475052,0.04779255995254639,14,0.17285617825793384,0.13788173650383106,0.1255964415689446,0.10604662540895894,0.2460820273424475,1.9609869956652217,-0.01974332518574695,,,,738000000.0,12365000000.0,0001219601,18.89763779527559,45.43080939947781,13.953488372093023,51.886792452830186,48.13664596273292,69.27899686520375,82.39795918367348,9.565217391304344,82.7127659574468,,,,32.1642235973767,53.13077656730668,46.138991674375575,,,
270,DCI,Donaldson Company,Industrials,41.90192511177377,True,9,12,0.75,-0.3107856096744428,0.019781144781144677,13,0.33539689090658964,0.2320324806917538,0.5340486999587288,0.4105518752053171,0.2524939800481596,0.47554179566563465,0.026523478882147566,,,,367000000.0,726900000.0,0000029644,1.0498687664041995,30.809399477806785,46.97674418604651,65.09433962264151,93.47826086956522,93.10344827586206,83.41836734693877,49.27536231884058,40.691489361702125,,,,15.929634122105492,76.41423206021082,44.98342584027135,,,
271,BIO,Bio-Rad Laboratories,Health Care,41.86394245704299,True,9,12,0.75,0.025013298137856577,0.006506916033508725,10,0.5186977392381542,0.3666814932271301,0.018271910808299784,0.03190695577493744,0.10195073521519803,0.16125093914350114,-0.0007644810580700323,,,,759900000.0,2583200000.0,0000012208,23.35958005249344,24.54308093994778,72.09302325581395,87.73584905660378,8.385093167701864,43.8871473354232,42.60204081632653,75.3623188405797,61.702127659574465,,,,23.95133049622061,50.94063072637387,68.53222325007708,,,
272,CGNX,Cognex,Information Technology,41.79029603694333,True,8,12,0.75,0.07252448531400657,0.08730747992105115,22,0.6691677754211507,-0.08330382594991526,0.16348823714573912,-0.12746858183011617,0.07670884328115606,,0.10320000685236885,,,,114442000.0,994359000.0,0000851205,51.181102362204726,59.7911227154047,84.18604651162791,3.30188679245283,62.732919254658384,8.150470219435736,30.612244897959183,,16.489361702127653,,,,55.48611253880471,37.79671353522681,16.489361702127653,,,
273,TEX,Terex,Industrials,41.781925249110934,True,9,12,0.75,0.045627635244881226,0.057343475716793435,9,0.19387566869581258,-0.008380703711072524,0.0876222099243682,0.027469852067921983,0.23704816046337016,2.302263219993564,-0.025167743770331152,,,,221000000.0,5421000000.0,0000097216,35.43307086614173,49.34725848563969,20.0,12.264150943396226,32.91925465838509,41.06583072100313,81.12244897959184,8.115942028985515,86.96808510638297,,,,42.390164675890716,37.47433706047526,47.54201356768424,,,
274,RGA,Reinsurance Group of America,Financials,41.68240786666677,True,5,12,0.75,0.009170954416757748,0.069471308833011,66,,,,,0.08780922665478047,0.4241883961072729,-0.015149744247594743,,,,1182000000.0,6635000000.0,0000898174,16.79790026246719,54.308093994778076,,,,,35.714285714285715,54.20289855072464,77.65957446808511,,,,35.552997128622636,35.714285714285715,65.93123650940487,,,
275,UNM,Unum,Financials,41.512482584063285,True,7,12,0.75,0.012155031889161005,0.014603524399990686,55,,,0.48016394710385896,-0.03277364802551702,0.06641724600012591,0.3388403737712585,-0.03924932649364499,,,,738500000.0,13075500000.0,0000005513,18.11023622047244,28.459530026109658,,,92.2360248447205,16.927899686520377,28.57142857142857,60.869565217391305,92.55319148936171,,,,23.28488312329105,45.911784367556486,76.7113783533765,,,
276,ESAB,ESAB,Industrials,41.43755671054956,True,9,12,0.75,0.07828057018499401,0.03712488639278333,6,0.3688027144593508,0.01883304671938879,0.1449998328968129,0.04134914156230114,0.10469151077542428,0.5701427489797048,26.914822460805887,,,,226766000.0,2842555000.0,0001877322,54.06824146981627,40.469973890339425,50.697674418604656,24.528301886792452,56.83229813664597,47.02194357366771,44.642857142857146,44.637681159420296,0.0,,,,47.26910768007785,44.744615031713586,22.318840579710148,,,
277,MIDD,Middleby,Industrials,41.38088490987901,True,9,12,0.75,-0.11544899216137439,0.07316484074539709,24,0.388054361312289,0.28522426876845974,0.6635207894509045,0.6365874266597409,0.013305458591492273,0.7827171317639863,0.1732334442358059,,,,36939000.0,866425000.0,0000769520,3.674540682414698,56.13577023498695,55.81395348837209,76.88679245283019,96.27329192546584,96.23824451410658,16.83673469387755,34.78260869565217,11.436170212765958,,,,29.905155458700825,68.40980341493045,23.109389454209065,,,
278,TNL,Travel + Leisure Co.,Consumer Discretionary,41.34340654072164,True,7,12,0.75,0.009529823576078345,0.04063146997929601,22,,,0.13752797811489678,-0.04069520715054201,-0.2344546381243629,-2.253822629969419,-0.06063435990607957,,,,230000000.0,4021000000.0,0001361658,17.060367454068242,42.03655352480418,,,54.037267080745345,16.30094043887147,3.826530612244898,97.3913043478261,95.74468085106383,,,,29.54846048943621,24.721579377287238,96.56799259944496,,,
279,NXST,Nexstar Media Group,Communication Services,41.31154139701249,True,7,12,0.75,0.09287374921557401,-0.08470501202145364,18,,,0.17154980804202868,0.11535658823550178,0.05281007751937984,3.068313953488372,-0.00958720125026935,,,,109000000.0,4949000000.0,0001142417,62.46719160104986,3.3942558746736298,,,66.14906832298136,71.78683385579937,24.23469387755102,6.3768115942029056,72.87234042553192,,,,32.93072373786175,54.056865352110584,39.62457600986741,,,
280,CSL,Carlisle Companies,Industrials,41.29176598931114,True,9,12,0.75,0.03710181618598685,0.003257654488768136,9,0.09149970568357714,0.02455398743680312,0.19970517340982888,0.17480381903209613,0.4125543054472541,1.6076640302996548,-0.0241703466325206,,,,740700000.0,5019900000.0,0000790051,30.446194225721783,22.97650130548303,6.046511627906977,27.358490566037734,72.36024844720497,81.50470219435736,94.13265306122449,14.492753623188406,86.17021276595744,,,,26.711347765602405,56.28052117934631,50.331483194572925,,,
281,RH,RH,Consumer Discretionary,41.278916509327225,True,9,12,0.75,-0.2145756155173797,-0.037412930843482295,17,0.4740410321551482,0.38192586454080524,0.5746397254676061,0.5497970066335407,2.0591914191419143,0.03777227722772277,1.0198926314378993,,,,124787000.0,812436000.0,0001528849,2.099737532808399,9.39947780678851,66.97674418604652,88.20754716981132,94.40993788819875,95.61128526645768,98.9795918367347,86.3768115942029,3.457446808510639,,,,5.749607669798455,88.83702126944979,44.91712920135677,,,
282,SOLS,Solstice Advanced Materials,Materials,40.82406700240913,True,4,12,0.75,0.031963808075847755,0.03076923076923066,3,,,,,0.16796598157335224,1.3975903614457832,,,,,237000000.0,3886000000.0,0002064953,26.77165354330709,37.33681462140992,,,,,67.85714285714286,16.231884057971016,,,,,32.054234082358505,67.85714285714286,16.231884057971016,,,
283,HGV,Hilton Grand Vacations,Consumer Discretionary,40.74697193529876,True,5,12,0.75,0.12345019586916384,0.010750279955207276,7,,,,,0.06283941039565555,3.525989138867339,-0.019003120072404123,,,,81000000.0,4513000000.0,0001674168,71.12860892388451,27.415143603133156,,,,,27.040816326530614,5.217391304347828,82.18085106382979,,,,49.27187626350884,27.040816326530614,43.69912118408881,,,
284,MSM,MSC Industrial Direct,Industrials,40.73404848538514,True,9,12,0.75,0.023784860834110688,-0.013459999879611106,14,0.40751464178074615,0.2952544371162739,0.080000350177118,0.04635674701869561,0.14358634500543865,0.349550140108485,-0.006820327496689149,,,,199328000.0,3769521000.0,0001003078,22.83464566929134,17.75456919060052,58.139534883720934,78.77358490566037,30.124223602484474,49.21630094043887,60.204081632653065,59.71014492753623,68.61702127659575,,,,20.29460742994593,55.29154519299154,64.16358310206599,,,
285,LSTR,Landstar System,Industrials,40.28672594967742,True,7,12,0.75,0.03343421495741428,-0.01566324185634882,15,,,0.03195292341939727,0.01274227961093492,0.14454198689146813,0.0,-0.02442063084902457,,,,115007000.0,4743760000.0,0000853816,27.559055118110237,16.449086161879894,,,13.664596273291925,33.85579937304075,60.45918367346938,93.76811594202898,86.43617021276596,,,,22.004070639995064,35.99319310660069,90.10214307739747,,,
286,SLGN,Silgan Holdings,Materials,40.27860985207353,True,9,12,0.75,0.05526715191714793,0.10734497823455835,8,0.17729362475062338,0.14304406727822866,0.08006499882960236,-0.012565160480335555,0.12680951202149585,1.911289666583271,0.06536853968070155,,,,288403000.0,6483166000.0,0000849869,40.68241469816273,67.62402088772846,15.348837209302326,52.83018867924528,30.434782608695656,21.9435736677116,53.826530612244895,10.14492753623189,23.670212765957444,,,,54.1532177929456,34.87678255543996,16.907570151094667,,,
287,POR,Portland General Electric,Utilities,39.9332339544025,True,7,12,0.75,0.07135982926747086,0.03953488372093017,10,,,0.1552013422818792,-0.021605730001012097,0.10099424385138671,2.4395604395604398,0.027206646639447385,,,,193000000.0,3576000000.0,0000784977,50.39370078740157,41.514360313315926,,,60.86956521739131,19.74921630094044,42.3469387755102,7.826086956521735,40.42553191489362,,,,45.95403055035875,40.988573431280656,24.125809435707676,,,
288,BRX,Brixmor Property Group,Real Estate,39.90907256928762,True,5,12,0.75,0.008364082912859283,0.06734580803608248,18,,,,,0.12832287975270232,1.8256121474616038,0.02422178032222111,,,,386228000.0,1371597000.0,0001581068,16.535433070866144,53.52480417754569,,,,,54.8469387755102,11.304347826086953,41.48936170212766,,,,35.03011862420592,54.8469387755102,26.396854764107307,,,
289,CBT,Cabot Corp,Materials,39.69955042889636,True,9,12,0.75,0.036014649345538,-0.07035553329994992,38,0.25316455696202533,0.1502233804914371,0.1672502019929976,0.1928669002852177,0.2135483870967742,0.72,-0.013151305441725936,,,,331000000.0,3713000000.0,0000016040,29.396325459317584,4.699738903394255,28.37209302325581,53.301886792452834,64.28571428571429,85.26645768025078,75.51020408163265,37.68115942028986,75.26595744680851,,,,17.04803218135592,61.34727117266127,56.47355843354919,,,
290,SAIC,Science Applications Intl Corp,Industrials,39.4979851872584,True,7,12,0.75,0.05667497736869165,-0.029014574140927896,19,,,0.07174332139906361,0.05846101613116627,0.24133333333333334,1.658,-0.008929118532821967,,,,362000000.0,7262000000.0,0001571123,41.732283464566926,12.793733681462141,,,27.639751552795033,54.54545454545454,82.14285714285714,13.623188405797109,71.54255319148936,,,,27.263008573014535,54.776021080368906,42.582870798643235,,,
291,ELAN,Elanco,Health Care,39.18725587447528,True,7,12,0.75,0.05494454434304563,0.06217616580310881,10,0.5499469777306468,-0.012878469405418369,,,-0.03543607759279059,0.6599969451657247,0.04481518509523896,,,,-232000000.0,4715000000.0,0001739104,40.419947506561684,51.174934725848566,75.34883720930232,11.79245283018868,,,8.928571428571429,40.289855072463766,31.11702127659575,,,,45.79744111620512,32.02328715602081,35.70343817452976,,,
292,FNF,Fidelity National Financial,Financials,39.13795959791932,True,5,12,0.75,-0.0077190153495934055,0.09095634095634098,8,,,,,0.08108836206896551,0.5926724137931034,-0.002284636237984916,,,,602000000.0,2099000000.0,0001331875,13.385826771653544,61.35770234986945,,,,,32.90816326530612,43.188405797101446,64.09574468085106,,,,37.3717645607615,32.90816326530612,53.64207523897625,,,
293,TTC,Toro,Industrials,39.029564367208096,True,9,12,0.75,0.07627214888108003,-0.016012915048649545,18,0.333628946434906,0.26007802626003607,0.09087885775097553,-0.050871661972987994,0.2175049886465286,0.6340741760132114,0.06957507875371327,,,,316100000.0,4510400000.0,0000737758,53.54330708661418,16.187989556135772,46.04651162790698,72.64150943396226,34.161490683229815,15.047021943573668,77.04081632653062,41.15942028985508,23.13829787234043,,,,34.86564832137498,48.98747000304066,32.148859081097754,,,
294,OSK,Oshkosh,Industrials,39.02434202917405,True,9,12,0.75,0.05256931041259616,-0.028694712120929666,25,0.17452961438454084,0.12672300784828688,0.09014325053011331,0.0704495642234482,0.05065666041275797,0.24286502593532722,-0.01618937482833338,,,,229500000.0,10422300000.0,0000775158,38.84514435695538,13.315926892950392,14.883720930232558,49.528301886792455,33.54037267080746,59.56112852664577,23.72448979591837,68.98550724637681,78.72340425531915,,,,26.080535624952887,36.247602762079325,73.85445575084799,,,
295,MAT,Mattel,Consumer Discretionary,38.918396092496955,True,9,12,0.75,-0.0022400301828030544,-0.0059341438850044614,19,0.4872551786092625,0.3293949530129717,0.1021807259038268,0.05404808041621078,0.17804543386438626,1.0441669861104643,-0.010475758640379862,,,,397584000.0,5347623000.0,0000063276,14.698162729658792,19.5822454308094,68.37209302325581,83.49056603773585,40.993788819875775,51.724137931034484,70.91836734693877,24.927536231884062,73.93617021276596,,,,17.140204080234096,63.09979063176813,49.43185322232501,,,
296,USFD,US Foods,Consumer Staples,38.91627475069104,True,9,12,0.75,0.06212074465895934,0.04084272777675113,19,0.17410714285714285,0.12930021410807002,0.030412946428571428,0.01213117148202053,0.15695379614580915,0.8780387740886928,0.028627303667155823,,,,676000000.0,39424000000.0,0001665918,45.14435695538058,42.297650130548305,14.418604651162791,50.0,12.732919254658384,33.22884012539185,64.79591836734694,28.985507246376812,39.36170212765957,,,,43.72100354296444,35.035256479712,34.17360468701819,,,
297,OVV,Ovintiv,Energy,38.85266976247852,True,7,12,0.75,0.10518997119092943,-0.03130940400313098,9,,,0.13055523490707607,-0.1438538092861408,0.11094238499330059,0.464671728450201,0.029725274654863076,,,,1242000000.0,8663000000.0,0001792580,66.92913385826772,11.74934725848564,,,49.06832298136646,7.523510971786834,47.19387755102041,51.59420289855072,38.03191489361703,,,,39.33924055837668,34.5952371680579,44.813058896083874,,,
298,HAE,Haemonetics,Health Care,38.797089144697615,True,9,12,0.75,0.07823631597662684,-0.019691745589436982,5,0.5903823535805497,0.08141735573521003,0.11748937615205689,0.03618618926850117,0.12219710669077757,1.5377988748241913,0.036845081475840535,,,,97308000.0,1334027000.0,0000313143,53.805774278215225,15.66579634464752,78.6046511627907,40.56603773584906,46.58385093167702,45.45454545454545,51.53061224489795,15.072463768115938,35.63829787234043,,,,34.73578531143137,52.54793950595204,25.355380820228184,,,
299,BHF,Brighthouse Financial,Financials,38.77073608685523,True,5,12,0.75,-0.026943320205895738,0.4322607959356477,29,,,,,0.0639775413711584,0.4661643026004728,1.024664408902019,,,,433000000.0,6766000000.0,0001685040,9.973753280839896,93.47258485639686,,,,,27.55102040816326,51.30434782608695,3.191489361702125,,,,51.72316906861838,27.55102040816326,27.24791859389454,,,
300,ARMK,Aramark,Consumer Discretionary,38.759072399624195,True,7,12,0.75,-0.2300633402364518,0.016933567882464917,21,,,0.21937597082091356,0.17629884019208333,0.1036810301204647,0.5072782943394644,0.02213116452400743,,,,326394000.0,3654124000.0,0001584509,1.837270341207349,29.50391644908616,,,76.70807453416148,82.13166144200626,43.87755102040816,46.666666666666664,42.553191489361694,,,,15.670593395146755,67.57242899885863,44.609929078014176,,,
301,UGI,UGI Corp,Utilities,38.74023244126062,True,7,12,0.75,-0.0014847216580734512,0.014478353442157532,7,,,0.15489016370505107,0.1686191888055919,0.14193008164119741,1.3916684111366966,0.011892215437347975,,,,678000000.0,7147000000.0,0000884614,14.960629921259844,27.93733681462141,,,60.55900621118012,79.9373040752351,58.92857142857143,16.52173913043478,49.202127659574465,,,,21.448983367940627,66.47496057166222,32.86193339500463,,,
302,FBIN,Fortune Brands Innovations,Industrials,38.6282807608028,True,9,12,0.75,-0.012207909788065296,-0.03163376003471474,28,0.4172630090997438,0.3221557852838197,0.11563452231582722,0.08225371226948727,0.24741488020176544,0.9169158710142317,-0.017848446880803892,,,,686700000.0,4463200000.0,0001519751,12.598425196850393,11.22715404699739,59.53488372093023,81.60377358490565,45.962732919254655,63.00940438871473,82.90816326530613,27.826086956521735,80.85106382978724,,,,11.912789621923892,66.60379157582227,54.338575393154485,,,
303,OC,Owens Corning,Industrials,38.57002479259489,True,9,12,0.75,0.06614090532274797,0.025581159273170284,19,0.28090666138770665,0.224715010868066,0.035632980302880334,-0.08714313384191447,-0.1354788476511809,1.2257980794186347,-0.028701496401191462,,,,-522000000.0,10103000000.0,0001370946,47.506561679790025,34.20365535248042,33.95348837209302,62.735849056603776,15.217391304347828,11.912225705329153,5.1020408163265305,20.0,89.09574468085106,,,,40.85510851613522,25.78419905094006,54.54787234042553,,,
304,MTG,MGIC Investment Corporation,Financials,38.43367746998096,True,5,12,0.75,-0.020354135091423586,0.004889333800324636,18,,,,,0.14343655847217443,0.23758870966018597,0.03572484634213913,,,,738347000.0,1213636000.0,0000876437,10.498687664041995,23.49869451697128,,,,,59.94897959183674,69.27536231884058,35.90425531914893,,,,16.99869109050664,59.94897959183674,52.589808818994754,,,
305,CNO,CNO Financial Group,Financials,38.19638918082003,True,7,12,0.75,-0.07355909229713853,-0.03836123496256416,66,,,0.483947161228239,0.06682946560398434,0.035213403077856115,0.3475096656811462,-0.059186565386995627,,,,92900000.0,1143100000.0,0001224608,6.036745406824147,9.138381201044385,,,92.54658385093167,57.993730407523515,21.428571428571427,60.0,95.47872340425532,,,,7.587563303934266,57.322961895675526,77.73936170212767,,,
306,NOV,NOV Inc.,Energy,38.003130697799314,True,9,12,0.75,0.021021045050968024,-0.014205186020293081,19,0.2020814272644099,0.2653830408349519,0.056495882891125344,0.3890017441516411,0.023133375877472877,0.27409061901723036,-0.008527802479259772,,,,145000000.0,8744000000.0,0001021860,21.522309711286088,17.232375979112273,20.46511627906977,74.05660377358491,22.049689440993788,92.47648902821317,18.877551020408163,66.3768115942029,71.27659574468085,,,,19.37734284519918,45.58508990845395,68.82670366944188,,,
307,KNX,Knight-Swift,Industrials,37.94430333995498,True,7,12,0.75,0.06892270292848335,0.008044584685883205,47,,,0.02892516676397103,-0.022410064143648423,0.009311179430180555,0.05151110053097415,-0.0055297935343386895,,,,65946000.0,7469689000.0,0001492691,49.343832020997375,25.848563968668408,,,12.422360248447205,19.122257053291534,14.795918367346939,85.21739130434783,67.2872340425532,,,,37.59619799483289,15.44684522302856,76.25231267345052,,,
308,IPGP,IPG Photonics,Information Technology,37.845228543111645,True,9,12,0.75,-0.00026486936460790034,0.027266475222436304,22,0.38002763562026226,0.2256446418408625,0.013054692426704338,-0.3490232007387851,0.014611889311273277,0.0,-0.0072544809482316674,,,,31096000.0,1003777000.0,0001111928,15.748031496062993,34.9869451697128,53.02325581395348,63.20754716981132,7.763975155279502,4.38871473354232,17.346938775510203,93.76811594202898,69.14893617021276,,,,25.367488332887895,29.14608632961937,81.45852605612087,,,
309,ELF,e.l.f. Beauty,Consumer Staples,37.67979284806384,True,9,12,0.75,0.07529197070294136,-0.08215033554304862,38,0.7265942861212753,0.5291791524130333,0.16388451163163378,0.06335176955633551,-0.04366536049463526,0.7444968289209486,1.0677156609121266,,,,-49365000.0,449292000.0,0001600033,52.75590551181102,3.6553524804177546,88.83720930232558,93.86792452830188,63.04347826086957,55.79937304075236,7.908163265306123,35.94202898550725,2.925531914893625,,,,28.20562899611439,61.891229679511106,19.433780450200437,,,
310,TTEK,Tetra Tech,Industrials,37.38874148884917,True,8,12,0.75,-0.08780665311237501,-0.02899367506292816,30,0.7227606946846101,0.5943219870691875,0.13630854822945643,0.11646116176346578,,0.42890742421135136,0.09492969763816728,,,,,1330100000.0,0000831641,5.2493438320209975,13.054830287206268,88.37209302325581,97.16981132075472,53.72670807453416,72.41379310344827,,53.6231884057971,17.81914893617021,,,,9.152087059613633,77.92060138049824,35.72116867098366,,,
311,FLS,Flowserve,Industrials,37.33478636235111,True,9,12,0.75,0.019052046788644583,0.03761766077801476,25,0.33439417583300557,0.2523741116152798,0.08456375838926175,0.015227860289606251,0.1580028630138674,0.7187552050130579,0.054116119682792174,,,,346247000.0,4729260000.0,0000030625,20.209973753280842,40.992167101827675,46.51162790697674,69.33962264150944,32.298136645962735,35.10971786833856,65.3061224489796,37.97101449275362,26.86170212765957,,,,30.60107042755426,49.71304550235341,32.41635831020659,,,
312,SR,Spire,Utilities,37.20987915973806,True,7,12,0.75,0.04041993773654906,-0.044967219436945594,7,,,0.21155709901469877,0.22466916621404318,0.08016168053342775,1.1379300171121733,0.02877641106950346,,,,271700000.0,2476400000.0,0001126956,32.020997375328086,8.093994778067886,,,75.77639751552795,87.46081504702194,32.39795918367347,22.028985507246375,39.09574468085106,,,,20.057496076697987,65.21172391540777,30.56236509404872,,,
313,ZION,Zions Bancorporation,Financials,37.0593329302235,True,5,12,0.75,0.03635453184459059,0.031189083820662766,8,,,,,0.03662952646239554,0.13175487465181057,-0.001161834556418273,,,,263000000.0,529000000.0,0000109380,30.183727034120732,37.59791122715404,,,,,21.683673469387756,77.3913043478261,62.765957446808514,,,,33.89081913063739,21.683673469387756,70.07863089731731,,,
314,H,Hyatt,Consumer Discretionary,36.88960879972556,True,5,12,0.75,0.058278694777368356,0.0681407942238268,19,,,,,-0.015596880623875225,1.2840431913617276,-0.028421275757395392,,,,-52000000.0,7101000000.0,0001468174,42.25721784776903,53.78590078328982,,,,,11.224489795918368,18.550724637681157,88.82978723404256,,,,48.02155931552942,11.224489795918368,53.690255935861856,,,
315,AVTR,Avantor,Health Care,36.70303994971939,True,9,12,0.75,0.23040383390954755,-0.03411168111327323,18,0.32651628460669696,-0.02044539568831666,-0.03757516559323586,0.13109566974426617,-0.09527403414195867,0.7091284815813118,0.26331696565976936,,,,-530200000.0,6552200000.0,0001722482,88.71391076115486,10.443864229765012,42.32558139534884,8.962264150943396,4.968944099378882,73.35423197492163,5.612244897959184,39.13043478260869,6.38297872340425,,,,49.57888749545994,27.044653303710383,22.75670675300647,,,
316,GPK,Graphic Packaging,Materials,36.507147457145216,True,9,12,0.75,0.08035102256764781,-0.02210826210826211,10,0.04004895211870889,-0.003898619199718248,0.09369537349959212,0.07544813628550834,0.13309352517985612,1.6627697841726619,-0.010105677786783396,,,,444000000.0,8581000000.0,0001408075,55.643044619422575,15.143603133159269,1.8604651162790697,13.679245283018867,36.33540372670808,61.12852664576802,57.14285714285714,13.333333333333329,73.13829787234042,,,,35.39332387629092,34.029299582926235,43.23581560283687,,,
317,SYNA,Synaptics,Information Technology,36.22600312703779,True,9,12,0.75,-0.047638608238451785,0.11976235146966863,10,0.4471749045890347,0.09832374375155195,-0.0875919203202085,-0.1327056044044367,-0.034267689440103236,0.6027672234568786,0.008529205486278668,,,,-47800000.0,1074300000.0,0000817720,7.611548556430446,70.75718015665797,63.72093023255814,43.39622641509434,3.7267080745341614,7.836990595611286,9.183673469387756,42.028985507246375,52.12765957446808,,,,39.18436435654421,25.572905757437134,47.07832254085723,,,
318,INGR,Ingredion,Consumer Staples,35.869172450156164,True,9,12,0.75,-0.12264184724399074,-0.032488986784140916,37,0.24473534433693797,0.18530336677733067,0.5782583949914627,0.4369540471653758,0.0386055217594759,0.40758072063640616,-0.011571014488161446,,,,165000000.0,1757000000.0,0001046257,3.149606299212598,10.704960835509137,26.976744186046513,56.60377358490566,95.03105590062113,93.41692789968651,21.93877551020408,55.65217391304348,74.73404255319149,,,,6.927283567360868,58.79345541629279,65.19310823311748,,,
319,TLN,Talen Energy,Utilities,35.76089554799078,True,7,12,0.75,-0.07765088323022895,0.5997458703939009,5,,,-0.035742652899126294,-0.11084393055571715,-0.20036596523330283,6.231473010064044,-0.0982488666904825,,,,-219000000.0,2518000000.0,0001622536,5.774278215223097,95.30026109660574,,,5.279503105590062,9.090909090909092,4.591836734693878,2.028985507246375,98.67021276595744,,,,50.537269655914415,6.32074964373101,50.34959913660191,,,
320,ONB,Old National Bank,Financials,35.61957338768322,True,5,12,0.75,-0.017617588404519102,0.060650325500493985,6,,,,,0.07878442640357829,0.02928642833699911,0.09809857186362625,,,,669257000.0,125616000.0,0000707179,11.286089238845145,50.65274151436031,,,,,31.887755102040817,87.82608695652173,17.553191489361694,,,,30.969415376602726,31.887755102040817,52.689639222941715,,,
321,MUR,Murphy Oil,Energy,35.6151793160497,True,7,12,0.75,-0.1161642966821409,-0.14965325936199725,37,,,0.49133420322948945,0.7000973568439521,0.0023249543800968274,0.5788573728406253,-0.01566366155399046,,,,11900000.0,613100000.0,0000717423,3.4120734908136483,1.0443864229765014,,,92.85714285714286,96.55172413793103,12.244897959183673,43.768115942028984,77.92553191489361,,,,2.228229956895075,67.21792165141919,60.8468239284613,,,
322,HOG,Harley-Davidson,Consumer Discretionary,35.54245692817846,True,7,12,0.75,0.020011300705129687,-0.13120789805084732,6,,,0.10728003687035913,0.10431470602718068,0.10785539891513525,0.7862152255507427,-0.045265377156816666,,,,338738000.0,3603979000.0,0000793952,20.99737532808399,1.8276762402088773,,,42.857142857142854,68.65203761755487,45.66326530612245,33.913043478260875,93.61702127659575,,,,11.412525784146434,52.39081526027339,63.76503237742831,,,
323,CPRI,Capri Holdings,Consumer Discretionary,35.31229700995187,True,9,12,0.75,0.14329389032446316,-0.04059652029826011,22,0.6226252158894646,0.018633619250809197,0.006620610247553253,-0.14989199479446355,1.7125,4.4625,0.994567891987997,,,,137000000.0,3474000000.0,0001530721,77.42782152230971,8.355091383812011,80.93023255813954,23.58490566037736,7.142857142857142,7.210031347962382,98.46938775510205,4.347826086956516,3.723404255319153,,,,42.89145645306086,43.467482892887695,4.0356151711378345,,,
324,ACI,Albertsons,Consumer Staples,35.21373084046241,True,9,12,0.75,0.037571960228133694,0.03460093119992447,22,0.27180498361838346,0.20588811615254166,0.008748083801737354,0.005631367814995127,0.1183966888138547,5.350234179283302,-0.0031732673835112024,,,,217400000.0,83172500000.0,0001646972,30.708661417322837,39.686684073107045,31.627906976744185,59.905660377358494,7.453416149068323,30.094043887147336,50.255102040816325,2.898550724637687,65.42553191489361,,,,35.197672745214945,35.86722588622693,34.16204131976565,,,
325,ALLY,Ally Financial,Financials,34.6002328286099,True,5,12,0.75,0.08807118290207705,0.038397328881469184,8,,,,,0.05497483546264034,1.1014324428958575,0.4509905228992417,,,,852000000.0,1244000000.0,0000040729,59.580052493438316,41.253263707571804,,,,,24.744897959183675,23.188405797101453,5.053191489361694,,,,50.41665810050506,24.744897959183675,14.120798643231574,,,
326,PVH,PVH Corp.,Consumer Discretionary,34.35234785660784,True,9,12,0.75,0.009642198140549674,0.03435842318760174,10,0.5752497150901655,0.0424877104821515,0.02576478737905298,-0.07044274392009002,0.00527930221396824,0.4808755712288463,-0.004922372733290548,,,,25300000.0,8950200000.0,0000078239,17.322834645669293,38.90339425587467,76.74418604651163,32.075471698113205,11.490683229813664,12.539184952978054,13.26530612244898,48.69565217391304,66.22340425531915,,,,28.11311445077198,29.222966409973104,57.4595282146161,,,
327,THO,Thor Industries,Consumer Discretionary,34.13029093182532,True,7,12,0.75,0.08539120632091901,-0.046191292836057274,10,0.13994909958672122,-0.018564048935183097,,,0.06029127214236779,0.2152219728212535,-0.0025885873871808185,,,,258559000.0,9579490000.0,0000730263,58.00524934383202,7.83289817232376,10.69767441860465,10.377358490566039,,,26.02040816326531,70.72463768115942,64.62765957446808,,,,32.91907375807789,15.698480357478665,67.67614862781375,,,
328,REXR,Rexford Industrial Realty,Real Estate,34.05680697027589,True,6,12,0.75,0.022488770216450904,-0.036006546644844484,9,,,68.18458417849898,,0.025060861788984964,0.3843608279969075,0.2016053847218744,,,,212029000.0,589000.0,0001571283,22.04724409448819,9.921671018276761,,,100.0,,19.897959183673468,57.10144927536232,9.042553191489361,,,,15.984457556382475,59.94897959183673,33.07200123342584,,,
329,AXTA,Axalta,Materials,34.00870526980644,True,7,12,0.75,0.0257960165277078,-0.030136467020470015,10,,,0.1436388508891929,0.04407632631192196,0.16112531969309463,1.3635976129582268,0.009509043760131952,,,,378000000.0,5117000000.0,0001616862,23.88451443569554,12.010443864229766,,,55.27950310559007,48.275862068965516,65.81632653061224,16.811594202898547,51.32978723404255,,,,17.947479149962653,56.457230568389285,34.070690718470544,,,
330,IDA,Idacorp,Utilities,33.75792626829194,True,7,12,0.75,0.041003090873054315,-0.012385796444192687,10,,,0.20262259498148796,-0.030433726702672748,0.09056086524888615,0.9651342684540384,0.011164821503083955,,,,323472000.0,1746972000.0,0001057877,32.54593175853018,18.01566579634465,,,73.6024844720497,17.24137931034483,37.755102040816325,27.246376811594203,49.46808510638297,,,,25.280798777437415,42.86632194107028,38.35723095898859,,,
331,CG,Carlyle Group (The),Financials,33.67049497525594,True,5,12,0.75,0.036322250543149526,-0.11906078366323858,46,,,,,0.11459381332275297,0.020461662722648113,0.17639585535975666,,,,808700000.0,4779800000.0,0001527166,29.92125984251969,2.088772845953003,,,,,48.724489795918366,88.69565217391305,10.90425531914893,,,,16.005016344236346,48.724489795918366,49.79995374653099,,,
332,M,Macy's,Consumer Discretionary,33.63416042605563,True,9,12,0.75,-0.019179746106896656,-0.023729421791593763,22,0.3814575645756458,0.25547331260714184,0.04732585921705569,-0.005592158383685396,0.13209876543209875,0.6168724279835391,-0.025755180495649732,,,,642000000.0,21764000000.0,0000794367,10.761154855643044,14.099216710182768,53.48837209302325,70.28301886792453,19.875776397515526,24.45141065830721,56.37755102040817,41.449275362318836,87.23404255319149,,,,12.430185782912906,44.89522580743573,64.34165895775516,,,
333,CNXC,Concentrix,Industrials,33.63217446091342,True,9,12,0.75,0.13046308109353744,0.021506721142750207,7,0.34959200657129097,-0.021793015068875654,-0.09344640741169319,-0.15596499314566614,-0.46602158256341675,1.6902080460000473,0.04589984317219953,,,,-1278924000.0,9825771000.0,0001803599,73.75328083989501,32.114882506527415,48.837209302325576,8.49056603773585,3.1055900621118013,6.896551724137931,2.0408163265306123,12.463768115942031,30.585106382978722,,,,52.93408167321121,13.874146690568356,21.524437249460377,,,
334,NWE,NorthWestern Energy,Utilities,33.55754149144222,True,7,12,0.75,-0.25876481041912014,0.10924421500216885,5,,,0.14489276187947328,-0.05599464306224569,0.015486842196455675,1.1387051501521273,0.009255195624757517,,,,44691000.0,414265000.0,0001993004,1.574803149606299,68.40731070496084,,,56.52173913043478,14.420062695924765,18.112244897959183,21.73913043478261,51.59574468085106,,,,34.991056927283566,29.684682241439578,36.66743755781684,,,
335,CNH,CNH Industrial,Industrials,33.49940391021082,True,4,12,0.75,0.032422760936732464,-0.10046893317702232,6,,,,,0.0656201749871333,,-0.021715958790281986,,,,510000000.0,15346000000.0,0001567094,27.296587926509186,2.8720626631853787,,,,,28.316326530612244,,85.1063829787234,,,,15.084325294847282,28.316326530612244,85.1063829787234,,,
336,VC,Visteon,Consumer Discretionary,33.31350567533324,True,7,12,0.75,0.019709032994477793,-0.02534919813760994,19,0.14118895966029724,0.10037908936608654,,,0.047193877551020405,0.19196428571428573,-0.04198794381592241,,,,74000000.0,3768000000.0,0001111335,20.73490813648294,13.577023498694519,11.162790697674419,43.86792452830189,,,22.95918367346939,73.33333333333333,93.08510638297872,,,,17.15596581758873,25.9966329664819,83.20921985815602,,,
337,BWXT,BWX Technologies,Industrials,33.103766540953444,True,7,12,0.75,-0.06030937414456883,0.02257453081314953,37,,,0.10391920906888587,0.07436690808079953,0.07544826030619389,1.6357032569106205,-0.016350743194059825,,,,92989000.0,885842000.0,0001486957,7.086614173228346,32.375979112271544,,,41.92546583850932,60.18808777429467,29.336734693877553,13.91304347826086,78.98936170212767,,,,19.731296642749946,43.81676276889385,46.451202590194264,,,
338,POST,Post Holdings,Consumer Staples,32.85775677927326,True,8,12,0.75,0.05527677424155786,0.029712093099574677,22,0.2867579460903887,0.21168036194142711,0.09797624446868756,-0.010581883962919023,0.0894460579254483,1.977805014521329,,,,,335700000.0,8158100000.0,0001530950,40.94488188976378,36.55352480417754,35.348837209302324,60.37735849056604,38.50931677018634,22.570532915360502,36.98979591836735,9.275362318840578,,,,,38.74920334697066,38.75916826075651,9.275362318840578,,,
339,AVNT,Avient,Materials,32.834540225022494,True,9,12,0.75,0.011606310538662123,0.006110356746080736,22,0.3115146310042329,0.25961917058090206,0.06241948346727195,0.04128697138668935,0.03449583017437453,0.8099991576109847,-0.0010793575496672592,,,,81900000.0,3260200000.0,0001122976,17.84776902887139,24.281984334203656,39.06976744186046,71.69811320754717,24.22360248447205,46.70846394984326,20.918367346938776,32.46376811594203,62.5,,,,21.064876681537523,40.52366288613234,47.481884057971016,,,
340,AAL,American Airlines Group,Industrials,32.694806424647005,True,7,12,0.75,0.03483925255693654,0.007784398000405757,22,,,0.026851902696172644,0.007744733148068415,-0.02978266702441642,-2.7840085859940973,0.019000289562622452,,,,111000000.0,54633000000.0,0000006201,28.346456692913385,25.326370757180154,,,12.111801242236025,31.347962382445143,9.693877551020408,97.97101449275362,44.680851063829785,,,,26.836413725046768,17.717880391900525,71.3259327782917,,,
341,FLG,Flagstar Bank,Financials,32.27571048352426,True,5,12,0.75,-0.031245981681395252,0.17391304347826098,7,,,,,-0.02173646076384625,1.0050349993859757,0.011069097455676857,,,,-177000000.0,27000000.0,0000910073,9.448818897637794,81.20104438642298,,,,,10.459183673469388,26.37681159420289,50.0,,,,45.324931642030386,10.459183673469388,38.188405797101446,,,
342,PAG,Penske Automotive Group,Consumer Discretionary,32.2160011435596,True,9,12,0.75,-0.10032273710713535,-0.03524152489755372,22,0.16009370334139938,0.12394289686974394,0.1648432271018895,0.13626753805946587,0.03345678124550554,0.38931036962462245,-0.022206792688684862,,,,186100000.0,7769200000.0,0001019849,4.199475065616798,10.182767624020887,13.023255813953488,48.58490566037736,63.66459627329193,73.98119122257053,20.408163265306122,56.52173913043478,85.63829787234042,,,,7.191121344818843,43.93242244709988,71.0800185013876,,,
343,HXL,Hexcel,Industrials,32.07069089479135,True,9,12,0.75,-0.006275413223133297,-0.004781923279033151,22,0.22957917524684512,0.16192463251372136,0.09060668461904008,0.047200008971681896,0.08747101623091069,0.7939553849844088,-0.015122032451093559,,,,109400000.0,1893900000.0,0000717605,13.648293963254593,20.10443864229765,24.186046511627907,53.77358490566038,33.85093167701863,49.52978056426332,35.45918367346938,33.623188405797094,77.12765957446808,,,,16.876366302776123,39.359905466407916,55.37542399013259,,,
344,ACM,AECOM,Industrials,32.005255979974805,True,9,12,0.75,-0.014928850230105373,0.002118779562109818,24,0.0753867098002667,0.06604230263945138,0.06360260481936937,0.05471415638538983,0.22537816177910153,0.3714466593703562,0.010846682197989344,,,,561774000.0,16139622000.0,0000868857,12.073490813648293,21.93211488250653,5.116279069767442,37.264150943396224,24.84472049689441,52.03761755485894,78.57142857142857,58.550724637681164,50.265957446808514,,,,17.002802848077412,39.56683932726912,54.40834104224484,,,
345,SMG,Scotts Miracle-Gro Company,Materials,31.862067688475435,True,9,12,0.75,0.03491265739364402,-0.03929405804036368,22,0.3059388825407987,0.26915011867518546,0.10506577598077993,-0.07353130326269625,0.14329418730879306,2.078752590545742,-0.008444870503981683,,,,145200000.0,3413100000.0,0000825542,28.608923884514436,8.87728459530026,38.139534883720934,74.52830188679245,42.54658385093168,12.225705329153605,59.693877551020414,8.985507246376812,70.74468085106383,,,,18.743104239907346,45.426800700323824,39.86509404872032,,,
346,AGCO,AGCO,Industrials,31.798608227407218,True,9,12,0.75,0.03479772347446497,-0.1354753513578405,10,0.2545923427891291,0.050085224511010246,0.05908549890894664,0.020356668195769395,0.17000117000117,0.5873873873873874,-0.014970501010407533,,,,726500000.0,10082000000.0,0000880266,28.083989501312335,1.5665796344647518,28.837209302325583,34.43396226415094,22.67080745341615,37.61755485893417,69.13265306122449,43.47826086956522,76.86170212765958,,,,14.825284567888543,38.538437388010266,60.1699814986124,,,
347,BWA,BorgWarner,Consumer Discretionary,31.685087968509833,True,9,12,0.75,0.04485539228327329,0.01632826920346453,8,0.18678401788208998,0.135122099553505,0.037440625873148926,0.012179467278657,0.05090040426313855,0.7159132671811834,0.034916010391174535,,,,277000000.0,14316000000.0,0000908255,34.38320209973753,28.98172323759791,16.27906976744186,51.41509433962265,15.838509316770185,33.5423197492163,23.97959183673469,38.26086956521739,36.702127659574465,,,,31.68246266866772,28.210917001957135,37.481498612395924,,,
348,NVST,Envista Holdings,Health Care,31.651378320260104,True,9,12,0.75,-0.004123559295131529,0.08320720146578497,21,0.5466813752528038,-0.03007340079757148,0.07946313660599374,-0.05807288388566373,0.015130541158291214,0.46624601616070566,6.722521537774686,,,,47000000.0,2719500000.0,0001757073,14.173228346456693,58.7467362924282,74.4186046511628,6.60377358490566,29.81366459627329,13.793103448275861,17.602040816326532,51.01449275362319,0.5319148936170279,,,,36.459982319442446,28.446237419388826,25.773203823620108,,,
349,KBH,KB Home,Consumer Discretionary,31.152677236612735,True,8,12,0.75,0.045498040893735325,-0.10012458719848494,9,0.0577609250774651,-0.0007123046985075404,0.07603273541555512,0.011158952959263765,0.10992171465867252,,-0.007584151394780747,,,,428789000.0,6236214000.0,0000795266,34.90813648293963,3.1331592689295036,2.3255813953488373,15.09433962264151,28.88198757763975,32.9153605015674,46.683673469387756,,69.41489361702128,,,,19.020647875934568,25.18018851331705,69.41489361702128,,,
350,ASB,Associated Bank,Financials,30.977036922592692,True,5,12,0.75,0.00040091575096234955,-0.11045897727740217,15,,,,,0.0954259069769405,0.20242206221998185,0.001332073764402919,,,,474777000.0,1102756000.0,0000007789,16.010498687664043,2.610966057441253,,,,,40.30612244897959,71.59420289855072,60.37234042553192,,,,9.310732372552648,40.30612244897959,65.98327166204132,,,
351,WLK,Westlake Corporation,Materials,30.75021459014288,True,9,12,0.75,0.2585869178367324,-0.08005270960303079,27,0.07278424350940017,-0.10030357963006255,-0.14127126230975828,-0.2543160263246968,-0.17151956323930848,0.635122838944495,0.042973530880127564,,,,-1508000000.0,11170000000.0,0001262823,91.0761154855643,4.177545691906006,3.7209302325581395,2.358490566037736,1.8633540372670807,4.702194357366771,4.846938775510204,40.869565217391305,32.712765957446805,,,,47.62683058873515,3.498381593747986,36.79116558741906,,,
352,VNT,Vontier,Information Technology,30.557912221743546,True,8,12,0.75,0.020632581712112685,0.0324269889224571,8,0.44853033538500187,0.022745422222467615,0.18259851736246585,-0.0048053612526360034,,1.6830091625140653,6.224646456117533,,,,,3075600000.0,0001786842,21.25984251968504,38.1201044386423,64.18604651162791,26.88679245283019,68.01242236024845,24.76489028213166,,12.753623188405797,1.0638297872340416,,,,29.68997347916367,45.96253790170955,6.908726487819919,,,
353,COLM,Columbia Sportswear,Consumer Discretionary,30.4899871456694,True,8,12,0.75,0.040479836347745435,0.008540388804547439,10,0.5053119327381834,0.03819919402267741,0.060941303974773285,-0.04696914786774547,0.1036310998553922,,0.06998779236583585,,,,177224000.0,3397351000.0,0001050797,32.28346456692913,26.370757180156655,71.62790697674419,29.71698113207547,23.91304347826087,15.360501567398119,43.62244897959184,,22.606382978723403,,,,29.327110873542892,36.8481764268141,22.606382978723403,,,
354,PFGC,Performance Food Group,Consumer Staples,29.867503735776623,True,8,12,0.75,0.04802809112216777,0.051193785870252695,3,0.13012559662654158,0.005318085822309304,0.01438714181124751,0.0018318787840754854,0.07606654145425275,1.2049011716304445,,,,,340200000.0,17619900000.0,0001618673,36.74540682414698,46.99738903394256,9.767441860465116,18.39622641509434,8.074534161490684,28.213166144200624,29.591836734693878,20.289855072463766,,,,,41.871397929044775,18.80864106318893,20.289855072463766,,,
355,LEA,Lear,Consumer Discretionary,29.835442181173978,True,9,12,0.75,0.0254082056650331,-0.002012357332875636,10,0.06468006070742204,0.037084897539771046,0.03341917787016695,-0.04533022938077068,0.08675100792437092,0.45834243609858794,-0.01571639626754162,,,,436800000.0,23259100000.0,0000842162,23.62204724409449,20.887728459530024,2.7906976744186047,29.245283018867923,13.975155279503104,15.673981191222571,34.94897959183674,51.88405797101449,78.19148936170212,,,,22.254887851812256,19.32681935116979,65.0377736663583,,,
356,UBSI,United Bankshares,Financials,29.583289923868573,True,5,12,0.75,0.06810493790082206,-0.05741211875827146,5,,,,,0.023440392737750462,0.09676467339873504,0.07171189242694198,,,,128828000.0,311957000.0,0000729986,48.55643044619423,6.527415143603134,,,,,19.387755102040817,80.86956521739131,21.808510638297875,,,,27.54192279489868,19.387755102040817,51.33903792784459,,,
357,CRBG,Corebridge Financial,Financials,29.430577478879844,True,5,12,0.75,0.04176212708698812,-0.012081039183193476,6,,,,,-0.027725172335429135,0.5960154533747444,-0.08360432798048456,,,,-366000000.0,18481000000.0,0001889539,33.07086614173229,18.27676240208877,,,,,10.204081632653061,42.608695652173914,97.87234042553192,,,,25.67381427191053,10.204081632653061,70.24051803885291,,,
358,BC,Brunswick,Consumer Discretionary,29.2040427130383,True,9,12,0.75,0.03834766178527316,0.024001833075557144,8,0.07735480161012076,0.018047368767780493,-0.00758931901245618,-0.09385688192347078,-0.0844611220472441,1.2931840551181102,-0.029032409043402874,,,,-137300000.0,5362800000.0,0000014930,31.23359580052493,33.15926892950392,5.5813953488372094,23.11320754716981,6.211180124223603,10.658307210031348,6.122448979591836,17.971014492753625,89.36170212765957,,,,32.196432365014424,10.33730784197076,53.6663583102066,,,
359,MUSA,Murphy USA,Consumer Discretionary,28.301070818160913,True,6,12,0.75,0.010828316221810796,-0.08174920349226522,31,,,0.03836614118368371,0.021915089512197953,0.7547714514835605,0.8122582197273456,,,,,470600000.0,21529400000.0,0001573516,17.585301837270343,3.91644908616188,,,16.459627329192546,38.24451410658307,96.93877551020408,32.173913043478265,,,,,10.750875461716111,50.54763898199323,32.173913043478265,,,
360,GME,GameStop,Consumer Discretionary,27.816584257781546,True,9,12,0.75,-0.08361332721509229,-0.05051007062516344,10,0.3295132097302956,0.20297209234172056,0.06394115540373013,0.027958732302662964,0.07684960693556682,0.00743883623539784,0.06099702827982023,,,,418400000.0,3629900000.0,0001326380,5.511811023622047,7.049608355091384,43.72093023255814,59.43396226415094,25.465838509316768,41.692789968652036,31.122448979591837,89.56521739130434,25.0,,,,6.280709689356716,40.28719399085394,57.28260869565217,,,
361,XPO,"XPO, Inc.",Industrials,27.804781996423838,True,7,12,0.75,-0.06277068049675671,0.01053022794846381,22,,,0.08042172367291897,0.07449792587553201,0.16980118216012896,1.8037076840408384,0.19458611930189607,,,,316000000.0,8157000000.0,0001166003,6.824146981627297,26.89295039164491,,,30.745341614906835,60.50156739811913,68.87755102040816,11.8840579710145,9.574468085106375,,,,16.8585486866361,53.37482001114471,10.729263028060437,,,
362,CLF,Cleveland-Cliffs,Materials,27.7432458788987,True,9,12,0.75,0.12384662090473042,-0.029971331769611642,52,0.23759595581351806,0.03453688408356026,-0.08484685652874799,-0.2525683755160898,-0.24166121648136035,1.1914650098103337,0.09955095478207987,,,,-1478000000.0,18610000000.0,0000764065,71.39107611548556,12.27154046997389,25.581395348837212,27.830188679245282,4.037267080745342,5.329153605015674,3.316326530612245,20.86956521739131,17.287234042553195,,,,41.83130829272972,13.218866248891151,19.078399629972253,,,
363,GEF,"Greif, Inc.",Materials,27.401826475554397,True,8,12,0.75,-0.14071827750910781,0.0065502183406114245,34,0.18841028819336844,0.0024743335738177663,0.30936886685259785,0.20850938304940508,0.12908182865923934,1.3071456012293508,,,,,268800000.0,968100000.0,0000043920,2.8871391076115485,24.804177545691903,17.674418604651162,16.9811320754717,85.71428571428571,86.20689655172413,55.35714285714286,17.391304347826093,,,,,13.845658326651726,52.38677516065511,17.391304347826093,,,
364,BDC,Belden Inc.,Information Technology,27.114988030849958,True,9,12,0.75,-0.4726483194630898,-0.0005855675888339906,9,0.3310914112207998,0.22000934294825278,0.10873525686995529,0.08384082947403426,0.18784996172170096,1.0167997443895402,0.5226341981396163,,,,237522000.0,655390000.0,0000913142,0.5249343832020997,21.148825065274153,45.11627906976744,61.32075471698113,43.16770186335403,63.94984326018809,72.70408163265306,25.217391304347828,4.5212765957446805,,,,10.836879724238127,57.25173210858875,14.869333950046254,,,
365,RYN,Rayonier,Real Estate,26.836895550926073,True,7,12,0.75,-0.06395366698099703,-0.5103250070962249,15,,,0.17252580040783794,-0.09039763992129984,0.21467732556166236,0.47305084093794053,0.04522792829457001,,,,474380000.0,483035000.0,0000052827,6.561679790026247,0.5221932114882507,,,66.45962732919256,11.285266457680251,76.27551020408163,49.85507246376811,30.851063829787222,,,,3.5419365007572488,51.340134663651476,40.353068146777666,,,
366,XRAY,Dentsply Sirona,Health Care,26.398003268259185,True,9,12,0.75,-0.010164271840608197,-0.02979172159240706,15,0.5,0.35142985926779186,-0.11467391304347826,0.06221795854464213,-0.44660194174757284,1.6751306945481703,0.015689306485135557,,,,-598000000.0,3680000000.0,0000818479,12.860892388451445,12.532637075718014,70.69767441860465,86.32075471698113,2.1739130434782608,55.172413793103445,2.5510204081632653,13.043478260869563,47.07446808510638,,,,12.69676473208473,43.38315527606615,30.058973172987972,,,
367,VFC,VF Corporation,Consumer Discretionary,26.304663459479922,True,7,12,0.75,-0.014804360126970062,0.010575409553030157,11,,,0.06002671259453336,0.03441250665296556,0.13780368218877137,1.9027579116028193,0.07684431044407258,,,,254920000.0,9605207000.0,0000103379,12.335958005249344,27.154046997389038,,,23.29192546583851,44.5141065830721,58.16326530612245,10.724637681159422,20.212765957446805,,,,19.745002501319192,41.98976578501102,15.468701819303114,,,
368,ST,Sensata Technologies,Industrials,26.066006155553378,True,9,12,0.75,0.016318690166600147,-0.05805024410089499,22,0.3271416925264564,0.2400483392740319,0.06411121608854096,-0.08964010171922647,0.01123716521864005,1.0155094420909025,-0.004832482048695685,,,,31300000.0,3704500000.0,0001477294,19.68503937007874,6.266318537859007,42.7906976744186,66.98113207547169,25.77639751552795,11.598746081504702,15.816326530612246,25.507246376811594,65.95744680851064,,,,12.975678953968874,32.59265997550704,45.732346592661116,,,
369,AVT,Avnet,Information Technology,25.93755458623201,True,9,12,0.75,0.030957339034336506,-0.065511914339481,9,0.107426801810425,-0.028435986430582177,0.023163807859859175,-0.002277587858698256,0.04793320156959151,0.5311814139293763,-0.03217659242808246,,,,240217000.0,22200754000.0,0000008858,25.984251968503933,4.960835509138381,7.906976744186046,7.0754716981132075,11.180124223602485,26.64576802507837,23.214285714285715,45.79710144927536,90.69148936170212,,,,15.472543738821157,15.204525281053169,68.24429540548874,,,
370,ORI,Old Republic International,Financials,25.07932849618888,True,4,12,0.75,-0.017713064598810613,-0.014395908097182719,66,,,,,0.03488332769699019,,0.004780742156704987,,,,206300000.0,2389400000.0,0000074260,11.023622047244094,16.971279373368144,,,,,21.1734693877551,,57.4468085106383,,,,13.997450710306119,21.1734693877551,57.4468085106383,,,
371,WHR,Whirlpool Corporation,Consumer Discretionary,23.932377981839036,True,9,12,0.75,-0.03155966948209976,-0.0652134642018426,22,0.15369750064416388,0.10736098167515143,0.05398093274929142,0.03752181507384013,0.11665443873807776,2.2630227439471753,-0.018092849403254285,,,,318000000.0,15524000000.0,0000106640,9.186351706036746,5.221932114882506,12.558139534883722,45.28301886792453,21.428571428571427,45.76802507836991,49.234693877551024,8.40579710144928,81.11702127659575,,,,7.204141910459626,34.85448975746012,44.761409189022515,,,
372,ASH,Ashland Global,Materials,23.765993311270588,True,9,12,0.75,-0.05444970238208813,-0.13677236157122574,10,0.30098684210526316,0.007180946113212794,-0.42489035087719296,-0.40832857545486767,0.2652310924369748,0.726890756302521,-0.018588807773037508,,,,505000000.0,1824000000.0,0001674862,7.349081364829396,1.3054830287206265,36.74418604651163,20.754716981132077,1.2422360248447204,3.761755485893417,85.96938775510205,37.10144927536232,81.38297872340425,,,,4.327282196775011,29.694456458696777,59.24221399938328,,,
373,PII,Polaris,Consumer Discretionary,23.532828301052422,True,9,12,0.75,0.05239610461593669,-0.003261142235972958,19,0.19137304250559284,0.12212405172065123,-0.04875559284116331,-0.12630856431612839,-0.5619266055045872,2.4840656687590537,0.03487284593706663,,,,-465500000.0,7152000000.0,0000931015,38.582677165354326,20.365535248041773,18.6046511627907,47.16981132075472,4.658385093167702,8.463949843260188,1.0204081632653061,7.536231884057969,36.96808510638297,,,,29.47410620669805,15.983441116647725,22.25215849522047,,,
374,OLN,Olin Corporation,Materials,23.037542876740773,True,9,12,0.75,0.022492453825070147,0.03680371859757492,19,0.07395882491741387,-0.15874738868724472,0.0007816186880604058,-0.01863970513278779,-0.05497851976725216,1.5374952417205938,0.023187310710618192,,,,-101100000.0,6780800000.0,0000074303,22.30971128608924,40.2088772845953,4.651162790697675,1.4150943396226416,6.832298136645963,20.37617554858934,7.3979591836734695,15.362318840579718,42.02127659574468,,,,31.25929428534227,8.134537999845818,28.6917977181622,,,
375,COTY,Coty,Consumer Staples,22.48055868123873,True,9,12,0.75,-0.032098137239915725,-0.03679306963059825,9,0.6483904359483447,0.04423112193451517,0.04091364184018056,0.09593109213624737,-0.10384734806785785,1.117509244361645,0.07053841827968887,,,,-367900000.0,5892900000.0,0001024305,8.923884514435695,9.660574412532636,82.7906976744186,32.54716981132076,17.080745341614907,67.39811912225704,5.357142857142857,22.31884057971014,22.340425531914903,,,,9.292229463484166,41.034774961350834,22.329633055812522,,,
376,PBF,PBF Energy,Energy,22.324835462229846,True,7,12,0.75,0.03787388003137537,-0.11423722569325956,15,,,-0.0018512015764191694,-0.013537880544225068,-0.02979603346179152,0.4038537456527869,0.01293748089484792,,,,-158500000.0,29332300000.0,0001534504,30.971128608923888,2.3498694516971277,,,6.521739130434782,21.316614420062695,9.438775510204081,55.94202898550725,48.13829787234043,,,,16.660499030310508,12.425709686900518,52.04016342892384,,,
377,FLR,Fluor,Industrials,22.02204457743174,True,9,12,0.75,-0.004093713124699527,-0.04977015016855657,58,-0.007740437334709411,0.03899714970909035,-0.024382377604334645,-0.25273271432617866,-0.015721331689272502,0.33869975339087544,-0.010379240457788708,,,,-51000000.0,15503000000.0,0001124198,14.435695538057743,7.310704960835509,0.46511627906976744,30.18867924528302,5.590062111801243,5.015673981191222,10.714285714285714,61.15942028985507,73.67021276595744,,,,10.873200249446626,10.394763466326193,67.41481652790625,,,
378,CTRE,CareTrust REIT,Real Estate,20.770854759020065,True,4,12,0.75,-0.09371580890871678,,10,,,,,0.07943389306318273,0.2216004837334708,0.1954747493647444,,,,320538000.0,1225000.0,0001590717,4.4619422572178475,,,,,,32.142857142857146,70.43478260869566,9.308510638297875,,,,4.4619422572178475,32.142857142857146,39.871646623496765,,,
379,PK,Park Hotels & Resorts,Real Estate,18.7125331751481,True,7,12,0.75,-0.007818651805387211,-0.022316275490573245,19,,,-0.012987012987012988,-0.04489020330604489,-0.09038645800063877,1.2315554136058766,-0.008971426850218012,,,,-283000000.0,2541000000.0,0001617406,13.123359580052494,14.882506527415144,,,5.900621118012422,15.987460815047022,5.86734693877551,19.130434782608702,71.80851063829788,,,,14.00293305373382,9.251809623944986,45.46947271045329,,,
380,CDP,COPT Defense Properties,Real Estate,17.77055146205387,True,7,12,0.75,-0.015361431114561674,-0.44309728656518865,10,,,0.24160832360949047,-0.5325625472862171,0.009049528807908765,1.8272245052895644,0.049598307010099374,,,,13708000.0,42074000.0,0000860546,11.811023622047244,0.7832898172323759,,,80.43478260869566,2.507836990595611,14.540816326530612,11.014492753623188,28.989361702127653,,,,6.29715671963981,32.494478641940624,20.00192722787542,,,
381,ROIV,Roivant Sciences,Health Care,14.330829485849913,True,7,12,0.75,-0.19071988824449448,-0.7156920111520325,6,,,-62.356900726392254,-17.35173157320881,-0.06621305526166406,0.04904061298281342,0.020271945292369642,,,,-299771000.0,8260000.0,0001635088,2.3622047244094486,0.26109660574412535,,,0.3105590062111801,0.3134796238244514,6.63265306122449,85.5072463768116,43.61702127659575,,,,1.311650665076787,2.4188972304200402,64.56213382670367,,,
382,GT,Goodyear Tire & Rubber,Consumer Discretionary,14.158921640093519,True,5,12,0.75,0.02102680364307541,-0.03167708443691064,10,,,,,-0.5323229198886483,1.9489638107021343,0.010442773617306056,,,,-1721000000.0,18280000000.0,0000042582,21.784776902887142,10.966057441253264,,,,,1.2755102040816326,9.85507246376811,51.06382978723404,,,,16.375417172070204,1.2755102040816326,30.459451125501076,,,
383,SLM,SLM Corp,Financials,74.16897147388094,False,3,12,0.4,,,0,,,,,0.3038507635359666,2.187560527674864,-0.024622674771066055,,,,744847000.0,,0001032033,,,,,,,90.05102040816327,8.695652173913047,86.70212765957447,,,,,90.05102040816327,47.69888991674376,,,
384,CBSH,Commerce Bancshares,Financials,68.68566992014196,False,2,12,0.4,,,0,,,,,0.14935256929485402,0.12009112270996429,,,,,566251000.0,,0000022356,,,,,,,62.244897959183675,79.42028985507247,,,,,,62.244897959183675,79.42028985507247,,,
385,GLPI,Gaming and Leisure Properties,Real Estate,64.20268358855843,False,5,12,0.4,,,5,,,7.6738533908271265,6.207582390523367,0.17834638725312615,1.0083245216853,0.10303216365499179,,,,825111000.0,0.0,0001575965,,,,,99.06832298136646,99.37304075235109,71.1734693877551,26.08695652173914,16.755319148936167,,,,,89.87161104049089,21.421137835337653,,,
386,IBOC,Intl Bancshares Corp,Financials,58.814589665653486,False,2,12,0.4,,,0,,,,,0.12679547969361904,,-0.005788426464544916,,,,412293000.0,,0000315709,,,,,,,53.57142857142857,,67.5531914893617,,,,,53.57142857142857,67.5531914893617,,,
387,NLY,Annaly Capital Management,Financials,58.46160018123808,False,3,12,0.4,,,0,,,,,0.12598910729702714,0.02670163992131639,0.015811590804116094,,,,2027262000.0,,0001043219,,,,,,,53.06122448979592,88.1159420289855,46.808510638297875,,,,,53.06122448979592,67.4622263336417,,,
388,HWC,Hancock Whitney,Financials,50.285626970492174,False,3,12,0.4,,,0,,,,,0.10898211863052024,0.04470891682886346,0.05148638578224807,,,,486073000.0,,0000750577,,,,,,,46.1734693877551,86.08695652173913,28.191489361702125,,,,,46.1734693877551,57.139222941720625,,,
389,TOL,Toll Brothers,Consumer Discretionary,49.769217205953865,False,4,12,0.4,,,1,0.07342405944178412,,0.11006406320477295,,0.054012114869146526,,-0.03910140314542632,,,,446716000.0,7143258000.0,0000794170,,,4.186046511627907,,44.099378881987576,,24.489795918367346,,92.2872340425532,,,,,24.258407103994276,92.2872340425532,,,
390,UMBF,UMB Financial Corp.,Financials,46.79627765768657,False,3,12,0.4,,,0,,,,,0.09129678193524773,0.06163967095631052,0.040186871357636766,,,,702398000.0,,0000101382,,,,,,,39.03061224489796,84.63768115942028,34.8404255319149,,,,,39.03061224489796,59.73905334566759,,,
391,FNB,FNB Corporation,Financials,45.61113575865129,False,2,12,0.4,,,0,,,,,0.08359224737387187,0.2812546234650096,,,,,565000000.0,,0000037808,,,,,,,33.6734693877551,65.5072463768116,,,,,,33.6734693877551,65.5072463768116,,,
392,PNFP,Pinnacle Financial Partners,Financials,45.21887212331741,False,2,12,0.4,,,0,,,,,0.09112591863810503,,0.005437456306154775,,,,641865000.0,,0002082866,,,,,,,38.52040816326531,,56.38297872340425,,,,,38.52040816326531,56.38297872340425,,,
393,HOMB,Home BancShares,Financials,43.99503719156488,False,3,12,0.4,,,0,,,,,0.1106481902761335,0.29556391150676853,0.13744004029340418,,,,475441000.0,,0001331520,,,,,,,46.93877551020408,64.34782608695653,13.829787234042556,,,,,46.93877551020408,39.08880666049954,,,
394,SSB,South State Bank,Financials,41.93161625195869,False,3,12,0.4,,,0,,,,,0.08816177045245514,0.006110756158332587,0.14625888205684046,,,,798667000.0,,0000764038,,,,,,,36.224489795918366,89.85507246376811,13.031914893617028,,,,,36.224489795918366,51.44349367869257,,,
395,FFIN,First Financial Bankshares,Financials,41.77838688666956,False,2,12,0.4,,,0,,,,,0.13225721150962516,,0.09991697809410094,,,,253579000.0,,0000036029,,,,,,,56.63265306122449,,17.02127659574468,,,,,56.63265306122449,17.02127659574468,,,
396,AMH,American Homes 4 Rent,Real Estate,41.37810974567498,False,4,12,0.5,0.07190824526814943,0.03451002205744724,4,,,,,,0.7244693725166156,0.05250831288675872,,,,,1182836000.0,0001562401,50.91863517060368,39.425587467362924,,,,,,37.39130434782608,27.659574468085097,,,,45.1721113189833,,32.52543940795559,,,
397,VLY,Valley Bank,Financials,35.878857208933525,False,3,12,0.4,,,0,,,,,0.07658889982681195,0.21187653518360983,0.08365322602506464,,,,597983000.0,,0000714310,,,,,,,30.357142857142854,71.01449275362319,19.148936170212778,,,,,30.357142857142854,45.08171446191798,,,
398,PB,Prosperity Bancshares,Financials,30.243839557099435,False,2,12,0.4,,,0,,,,,0.07127534420323156,,0.04425724031636147,,,,542843000.0,,0001068851,,,,,,,29.081632653061224,,32.18085106382979,,,,,29.081632653061224,32.18085106382979,,,
399,KD,Kyndryl,Information Technology,19.31842860835397,False,4,12,0.5,-0.046167663152411165,0.002324500232450122,9,,,,,,4.851063829787234,0.006802821699842365,,,,,15092000000.0,0001867072,7.874015748031496,22.45430809399478,,,,,,3.7681159420289845,54.255319148936174,,,,15.164161921013138,,29.01171754548258,,,
400,OZK,Bank OZK,Financials,,False,0,12,0.0,,,0,,,,,,,,,,,,,0001569650,,,,,,,,,,,,,,,,,,
